area_code,area_name,measure,2010,2011,2012,2013,2014,2015,2016,2017,2018,2019,2020,2021
E0600001,County Durham,unemployment_rate,11.043,11.329,9.868,10.047,9.916,10.773,10.057,10.789,9.652,9.895,10.262,9.167
E0600001,County Durham,economic_inactivity_rate,28.350,27.207,27.130,28.177,27.373,27.552,28.041,27.306,27.024,26.542,26.436,27.494
E0600001,County Durham,employment_rate,59.550,62.240,62.251,61.522,63.451,61.241,61.291,61.778,62.879,62.205,63.645,62.627
E0600001,County Durham,claimant_count_rate,8.845,10.147,8.777,9.069,8.429,9.274,8.959,9.490,9.285,8.933,9.057,8.573
E0600001,County Durham,qualification_level4_pct,23.543,25.436,22.991,25.759,21.473,26.777,25.614,26.819,26.771,28.771,29.491,29.508
E0600001,County Durham,working_age_share_pct,63.515,62.974,63.227,63.840,0.628,0.630,0.627,62.836,63.271,62.577,62.353,63.082
E0600002,Darlington,unemployment_rate,6.562,5.859,4.522,4.131,4.640,4.039,3.979,3.808,3.235,2.903,4.867,5.427
E0600002,Darlington,economic_inactivity_rate,19.134,18.489,19.203,18.247,19.545,18.806,17.071,19.468,19.088,16.375,18.739,19.815
E0600002,Darlington,employment_rate,75.077,76.234,75.655,78.153,75.136,76.774,79.042,77.889,78.268,80.311,77.377,74.852
E0600002,Darlington,claimant_count_rate,4.189,3.845,2.597,2.632,2.731,1.948,1.800,1.784,1.252,1.383,2.814,3.147
E0600002,Darlington,qualification_level4_pct,30.503,28.112,29.079,30.836,30.938,29.861,32.027,32.166,32.947,35.468,33.617,36.247
E0600002,Darlington,working_age_share_pct,64.127,64.768,64.013,64.850,0.655,0.645,0.641,63.949,64.189,64.027,64.283,64.132
E0600003,Gateshead,unemployment_rate,7.262,8.863,6.984,8.866,7.754,7.649,7.334,7.117,7.435,6.229,8.907,6.499
E0600003,Gateshead,economic_inactivity_rate,21.640,21.780,23.413,19.884,21.923,21.686,21.198,20.702,21.381,19.989,20.691,20.658
E0600003,Gateshead,employment_rate,71.525,69.653,68.095,70.819,71.547,71.311,71.754,71.791,70.784,73.765,69.526,72.556
E0600003,Gateshead,claimant_count_rate,5.318,6.549,5.547,6.969,6.121,5.975,5.489,5.757,5.161,4.820,7.000,5.030
E0600003,Gateshead,qualification_level4_pct,26.114,26.405,27.704,28.470,28.805,28.760,31.331,31.869,30.399,31.512,34.076,32.353
E0600003,Gateshead,working_age_share_pct,62.865,63.087,62.937,62.653,0.626,0.625,0.622,62.334,62.219,62.129,62.461,62.703
E0600005,Middlesbrough,unemployment_rate,6.145,5.580,5.914,3.321,4.313,3.733,4.610,5.126,4.149,3.746,6.125,4.312
E0600005,Middlesbrough,economic_inactivity_rate,21.025,21.112,21.888,21.569,20.661,21.893,19.308,22.311,19.176,19.945,20.832,20.415
E0600005,Middlesbrough,employment_rate,72.676,74.058,71.827,74.824,75.041,75.443,75.876,72.539,76.307,77.219,72.777,74.506
E0600005,Middlesbrough,claimant_count_rate,3.920,3.184,3.552,1.706,2.748,2.320,1.962,2.813,2.249,1.318,4.221,3.505
E0600005,Middlesbrough,qualification_level4_pct,22.881,23.484,24.965,25.624,26.573,23.785,26.159,27.871,30.539,29.662,28.927,31.210
E0600005,Middlesbrough,working_age_share_pct,63.373,63.364,63.053,63.155,0.626,0.626,0.632,62.573,62.876,62.837,64.093,63.059
E0600006,Newcastle upon Tyne,unemployment_rate,7.753,7.059,7.379,6.505,7.140,6.306,7.415,7.594,7.003,6.906,7.762,6.058
E0600006,Newcastle upon Tyne,economic_inactivity_rate,20.923,20.302,22.770,22.512,21.917,21.541,22.318,21.117,19.637,21.294,21.197,20.252
E0600006,Newcastle upon Tyne,employment_rate,70.932,73.325,71.782,70.323,72.283,72.068,70.643,70.713,73.373,72.299,70.056,74.149
E0600006,Newcastle upon Tyne,claimant_count_rate,5.787,5.138,5.896,5.046,5.539,4.895,5.250,5.527,5.497,5.678,5.825,4.764
E0600006,Newcastle upon Tyne,qualification_level4_pct,27.455,27.657,27.147,29.839,29.137,31.070,29.919,31.868,31.799,32.048,32.576,32.434
E0600006,Newcastle upon Tyne,working_age_share_pct,..,63.928,63.214,63.727,0.636,0.634,0.626,63.156,63.174,63.269,62.964,63.923
E0600007,North Tyneside,unemployment_rate,7.844,6.442,7.379,6.339,7.209,6.987,6.366,7.740,6.270,6.677,8.652,5.422
E0600007,North Tyneside,economic_inactivity_rate,25.597,26.505,25.201,25.556,25.034,24.794,26.001,23.322,25.373,24.789,24.762,25.441
E0600007,North Tyneside,employment_rate,66.455,66.707,67.129,67.059,68.184,68.981,67.232,68.743,68.843,68.302,66.168,68.524
E0600007,North Tyneside,claimant_count_rate,6.764,5.012,6.161,5.017,6.436,5.597,5.188,6.245,5.066,5.419,7.523,4.527
E0600007,North Tyneside,qualification_level4_pct,18.005,19.366,18.802,21.960,22.608,20.781,23.088,22.211,23.153,25.374,25.151,23.686
E0600007,North Tyneside,working_age_share_pct,64.244,64.034,63.854,64.063,0.641,0.639,0.639,64.456,63.964,64.091,63.155,63.089
E0600009,Blackburn with Darwen,unemployment_rate,5.524,6.169,4.822,6.221,6.042,5.869,5.620,4.586,5.260,5.459,5.986,5.538
E0600009,Blackburn with Darwen,economic_inactivity_rate,21.464,20.055,18.610,20.167,19.493,18.956,19.415,19.968,20.591,18.647,19.943,20.143
E0600009,Blackburn with Darwen,employment_rate,72.644,73.571,76.582,74.403,75.293,74.926,75.112,75.830,73.896,75.855,73.718,74.169
E0600009,Blackburn with Darwen,claimant_count_rate,3.936,4.125,3.278,4.537,4.132,4.031,4.043,3.470,4.074,3.559,3.648,3.606
E0600009,Blackburn with Darwen,qualification_level4_pct,27.901,28.699,29.726,28.901,30.476,31.385,31.794,33.105,32.102,31.508,34.110,32.349
E0600009,Blackburn with Darwen,working_age_share_pct,64.592,64.171,64.004,63.325,0.636,0.635,0.636,63.098,63.569,63.246,63.800,64.034
E0600010,Blackpool,unemployment_rate,7.784,6.822,6.469,5.883,7.025,7.451,5.367,6.307,5.276,5.308,6.550,5.441
E0600010,Blackpool,economic_inactivity_rate,22.611,23.451,23.933,22.247,22.496,22.588,21.145,22.052,20.555,21.695,20.664,22.457
E0600010,Blackpool,employment_rate,70.105,69.066,70.755,72.006,70.500,70.286,74.486,71.143,75.150,73.137,73.771,70.554
E0600010,Blackpool,claimant_count_rate,5.604,4.663,4.724,3.574,4.399,5.573,3.097,3.925,3.864,4.065,4.119,3.994
E0600010,Blackpool,qualification_level4_pct,20.805,22.026,24.736,22.769,23.510,25.203,26.357,26.533,28.437,28.190,27.809,27.784
E0600010,Blackpool,working_age_share_pct,63.642,63.438,63.390,63.547,0.633,0.633,0.632,62.892,62.903,62.981,62.803,62.724
E0600011,Bolton,unemployment_rate,9.012,8.440,8.538,8.329,7.556,8.474,7.962,8.288,7.381,7.463,8.883,7.794
E0600011,Bolton,economic_inactivity_rate,25.517,25.209,20.392,24.333,24.855,25.270,25.140,22.542,23.367,23.092,22.427,23.116
E0600011,Bolton,employment_rate,65.322,66.180,70.600,66.643,67.062,66.142,68.278,68.401,69.730,70.536,69.562,68.464
E0600011,Bolton,claimant_count_rate,6.562,6.642,7.177,7.186,6.289,6.943,6.644,7.041,6.117,5.852,6.970,6.210
E0600011,Bolton,qualification_level4_pct,23.302,23.094,26.223,27.708,28.089,29.886,26.476,28.051,30.950,28.974,32.787,30.014
E0600011,Bolton,working_age_share_pct,63.651,62.830,62.966,63.265,0.632,0.629,0.626,63.302,62.181,62.821,62.313,62.610
E0600012,Cheshire East,unemployment_rate,8.307,8.481,7.280,9.517,8.544,7.762,6.829,..,7.043,7.245,8.717,7.512
E0600012,Cheshire East,economic_inactivity_rate,25.660,23.658,23.564,22.734,24.385,21.229,22.924,23.850,24.247,23.060,24.992,23.597
E0600012,Cheshire East,employment_rate,66.075,68.003,68.277,68.663,66.877,70.480,71.151,68.302,69.269,69.810,67.058,68.937
E0600012,Cheshire East,claimant_count_rate,7.172,6.442,5.517,7.314,7.019,6.325,5.485,5.794,5.567,5.989,7.449,6.236
E0600012,Cheshire East,qualification_level4_pct,25.582,26.266,28.862,27.725,27.695,29.563,27.475,29.789,29.883,29.348,32.720,33.628
E0600012,Cheshire East,working_age_share_pct,63.642,63.686,63.560,64.324,0.636,0.636,0.629,63.362,63.755,63.285,62.990,63.714
E0600013,Liverpool,unemployment_rate,5.320,7.208,6.599,6.763,6.762,5.219,6.351,6.791,6.589,5.903,6.205,5.855
E0600013,Liverpool,economic_inactivity_rate,19.369,18.700,19.199,18.919,20.338,20.101,19.578,17.645,19.077,19.871,17.814,19.885
E0600013,Liverpool,employment_rate,75.595,74.187,75.010,73.979,74.222,75.702,74.168,74.536,75.308,73.828,76.305,74.757
E0600013,Liverpool,claimant_count_rate,3.295,5.116,4.143,4.415,5.080,2.931,4.218,4.133,4.291,3.370,3.662,3.964
E0600013,Liverpool,qualification_level4_pct,..,26.245,29.350,28.205,29.429,28.477,30.643,33.050,33.414,33.140,32.450,34.154
E0600013,Liverpool,working_age_share_pct,62.975,62.321,62.033,62.343,0.624,0.626,0.618,62.862,62.549,62.110,62.219,62.403
E0600014,Manchester,unemployment_rate,5.182,6.552,7.202,5.696,2.919,5.660,4.540,3.898,2.999,4.182,6.512,3.965
E0600014,Manchester,economic_inactivity_rate,23.170,20.287,21.077,20.087,23.233,20.036,22.129,19.872,21.481,22.054,21.744,21.833
E0600014,Manchester,employment_rate,71.707,72.466,71.890,74.863,74.421,73.722,74.296,75.881,75.837,73.339,72.174,73.713
E0600014,Manchester,claimant_count_rate,3.563,4.669,4.473,3.230,1.357,3.520,3.646,3.063,1.814,2.435,4.265,2.588
E0600014,Manchester,qualification_level4_pct,21.677,21.508,20.668,24.207,24.641,24.035,25.063,25.717,26.951,27.274,29.021,31.064
E0600014,Manchester,working_age_share_pct,64.229,63.272,63.750,63.603,0.634,0.637,0.634,63.880,64.392,63.843,63.175,62.858
E0600016,Stockport,unemployment_rate,8.751,7.329,6.873,7.279,9.166,7.687,6.909,7.389,5.725,6.466,8.536,5.979
E0600016,Stockport,economic_inactivity_rate,25.024,23.721,25.683,22.101,24.660,24.582,21.755,24.695,23.519,24.358,21.803,23.175
E0600016,Stockport,employment_rate,66.698,67.643,67.876,71.415,66.534,68.641,71.743,68.137,70.367,69.948,69.694,70.966
E0600016,Stockport,claimant_count_rate,6.276,5.454,5.138,4.930,6.609,5.680,5.659,5.654,4.184,4.523,6.586,4.012
E0600016,Stockport,qualification_level4_pct,16.919,18.114,19.172,17.432,19.845,20.628,21.295,21.200,23.291,26.976,22.835,26.510
E0600016,Stockport,working_age_share_pct,62.179,61.782,62.790,62.221,0.617,0.618,0.616,62.132,62.095,61.842,62.253,61.284
E0600018,Bradford,unemployment_rate,7.098,7.553,6.665,7.943,7.255,6.550,6.120,6.745,5.655,5.488,7.191,6.023
E0600018,Bradford,economic_inactivity_rate,19.788,19.771,20.412,17.403,19.240,18.802,17.791,18.278,17.888,18.706,19.572,19.758
E0600018,Bradford,employment_rate,72.493,72.604,71.959,75.661,73.122,74.442,76.180,74.723,77.125,76.559,73.139,74.642
E0600018,Bradford,claimant_count_rate,4.879,4.607,4.539,5.478,5.289,4.428,3.847,4.613,3.604,3.428,5.242,4.160
E0600018,Bradford,qualification_level4_pct,28.488,28.259,28.218,28.439,29.942,33.063,32.312,35.081,32.584,34.369,35.999,34.005
E0600018,Bradford,working_age_share_pct,62.221,62.748,62.343,62.354,0.622,0.618,0.623,62.309,62.488,61.351,61.971,61.515
E0600019,Calderdale,unemployment_rate,9.294,7.697,8.248,7.520,8.062,7.667,7.651,8.678,7.077,8.184,10.397,6.078
E0600019,Calderdale,economic_inactivity_rate,23.150,21.475,22.417,21.505,22.200,21.497,23.663,20.592,22.662,23.444,22.826,22.334
E0600019,Calderdale,employment_rate,66.386,70.123,69.608,71.396,70.729,71.746,68.320,70.383,69.643,69.304,66.677,71.311
E0600019,Calderdale,claimant_count_rate,6.618,5.954,6.184,5.430,5.613,5.377,5.754,6.421,4.859,5.701,7.717,4.588
E0600019,Calderdale,qualification_level4_pct,23.586,23.365,25.912,23.386,27.506,27.203,24.935,25.650,29.943,27.466,27.797,33.343
E0600019,Calderdale,working_age_share_pct,63.341,62.172,62.254,62.663,0.621,0.623,0.623,62.418,61.722,62.223,62.135,62.516
E0600020,Kingston upon Hull,unemployment_rate,7.676,7.188,7.279,6.531,6.515,6.244,5.152,6.768,4.671,6.341,7.508,4.913
E0600020,Kingston upon Hull,economic_inactivity_rate,24.010,20.721,22.467,22.048,20.623,22.540,23.556,20.764,22.682,20.722,22.026,21.082
E0600020,Kingston upon Hull,employment_rate,68.305,72.143,71.556,71.645,72.648,71.992,70.897,72.156,71.766,72.952,69.937,73.852
E0600020,Kingston upon Hull,claimant_count_rate,4.988,4.597,4.385,4.727,4.018,3.765,3.294,4.195,3.200,3.935,5.735,2.781
E0600020,Kingston upon Hull,qualification_level4_pct,21.845,23.894,25.852,23.146,25.219,24.269,25.514,27.271,29.250,27.609,28.204,30.496
E0600020,Kingston upon Hull,working_age_share_pct,63.451,62.810,63.046,62.959,0.630,0.628,0.626,62.768,62.954,62.114,62.166,62.766
E0600021,Leeds,unemployment_rate,4.647,4.557,4.378,4.590,5.387,4.620,3.736,5.340,3.895,3.375,5.311,4.722
E0600021,Leeds,economic_inactivity_rate,21.420,21.496,20.231,20.010,20.858,19.830,22.101,18.900,18.851,20.599,20.043,21.087
E0600021,Leeds,employment_rate,73.708,74.272,75.415,75.265,73.234,75.577,73.060,74.556,77.044,75.712,74.864,75.249
E0600021,Leeds,claimant_count_rate,2.435,2.123,2.436,2.780,4.023,2.440,2.332,2.758,2.254,2.096,3.526,2.931
E0600021,Leeds,qualification_level4_pct,24.449,24.939,24.816,23.954,26.001,28.201,29.121,29.321,27.132,28.773,31.422,31.329
E0600021,Leeds,working_age_share_pct,63.703,63.564,63.683,62.969,0.639,0.633,0.636,63.764,63.394,63.385,63.649,63.133
E0600022,North East Lincolnshire,unemployment_rate,4.534,4.811,4.057,3.468,3.852,3.401,2.914,2.510,3.560,3.579,..,3.057
E0600022,North East Lincolnshire,economic_inactivity_rate,16.816,19.196,18.690,18.899,18.197,19.583,17.609,18.630,16.842,17.696,18.609,17.341
E0600022,North East Lincolnshire,employment_rate,79.505,75.604,77.209,78.209,78.302,77.365,80.466,79.283,80.136,78.406,78.137,80.148
E0600022,North East Lincolnshire,claimant_count_rate,2.018,2.120,1.270,2.185,1.714,0.906,1.148,0.350,1.208,1.563,1.487,0.827
E0600022,North East Lincolnshire,qualification_level4_pct,24.758,25.545,28.208,28.083,28.125,26.276,31.256,27.835,31.108,33.321,32.496,34.205
E0600022,North East Lincolnshire,working_age_share_pct,64.064,64.206,64.169,64.188,0.634,0.639,0.642,64.152,64.182,63.548,63.581,64.048
E0600023,Sheffield,unemployment_rate,8.621,8.646,7.870,7.521,6.256,7.938,7.794,5.721,6.153,7.200,9.771,6.800
E0600023,Sheffield,economic_inactivity_rate,26.482,25.654,24.668,25.535,26.826,25.097,24.748,25.321,26.485,26.041,25.794,23.324
E0600023,Sheffield,employment_rate,63.415,64.632,67.481,67.173,66.716,66.899,67.789,68.136,66.989,66.433,64.150,70.475
E0600023,Sheffield,claimant_count_rate,6.282,6.378,5.750,5.465,5.059,6.388,5.826,5.065,4.176,5.772,7.070,5.688
E0600023,Sheffield,qualification_level4_pct,15.485,18.734,20.740,17.981,20.656,22.797,19.651,24.923,22.230,25.035,25.084,26.069
E0600023,Sheffield,working_age_share_pct,63.772,63.562,63.728,63.355,0.637,0.636,0.631,63.500,64.048,63.192,63.138,63.360
E0600024,York,unemployment_rate,6.109,5.834,6.025,6.764,5.649,6.769,5.705,6.992,..,8.381,7.095,5.753
E0600024,York,economic_inactivity_rate,19.318,20.319,23.539,21.729,21.128,21.088,20.836,21.236,20.532,20.508,22.795,21.500
E0600024,York,employment_rate,75.180,75.112,70.971,71.308,73.915,72.945,74.793,72.008,74.415,70.861,70.821,72.820
E0600024,York,claimant_count_rate,3.521,4.436,4.538,4.791,4.306,4.913,3.905,5.254,4.069,6.340,5.885,4.402
E0600024,York,qualification_level4_pct,23.286,26.866,29.105,26.767,27.627,30.707,32.607,30.561,33.292,32.044,33.801,30.100
E0600024,York,working_age_share_pct,64.025,63.911,63.859,63.605,0.634,0.635,0.636,62.882,62.847,63.331,62.990,62.964
E0600025,Derby,unemployment_rate,4.972,2.799,3.908,4.570,5.388,5.001,4.145,4.943,3.666,5.490,5.076,5.001
E0600025,Derby,economic_inactivity_rate,22.452,19.539,21.494,21.088,21.400,20.610,20.603,20.332,20.238,21.299,20.497,20.149
E0600025,Derby,employment_rate,73.370,78.109,74.993,73.987,73.298,75.362,75.802,74.251,75.829,72.616,74.433,74.977
E0600025,Derby,claimant_count_rate,2.566,1.256,1.809,2.226,2.987,2.305,2.612,2.310,1.527,2.984,3.106,2.371
E0600025,Derby,qualification_level4_pct,21.995,21.063,22.546,22.725,23.513,24.859,25.517,26.030,27.098,28.508,27.983,30.498
E0600025,Derby,working_age_share_pct,63.855,63.686,63.297,63.626,0.630,0.629,0.633,62.763,63.815,62.892,63.305,63.015
E0600026,Leicester,unemployment_rate,7.441,6.753,6.914,8.297,7.249,6.721,6.018,5.665,4.922,6.036,7.815,6.894
E0600026,Leicester,economic_inactivity_rate,19.839,17.274,19.837,20.312,21.578,18.267,20.851,22.269,21.331,20.802,21.981,18.350
E0600026,Leicester,employment_rate,73.186,76.659,73.312,70.926,71.032,74.633,73.272,72.053,73.395,73.481,71.370,74.926
E0600026,Leicester,claimant_count_rate,4.590,4.056,4.008,5.301,4.435,4.715,4.514,3.749,3.545,3.539,5.440,4.180
E0600026,Leicester,qualification_level4_pct,23.577,25.374,27.292,27.109,26.253,29.304,26.677,28.914,32.632,30.911,29.617,31.901
E0600026,Leicester,working_age_share_pct,62.531,61.704,62.305,61.793,0.616,0.619,0.615,62.068,61.635,61.646,61.462,61.262
E0600027,Lincoln,unemployment_rate,7.980,8.533,7.690,6.331,7.570,7.453,6.564,5.666,6.932,5.941,8.092,6.487
E0600027,Lincoln,economic_inactivity_rate,23.553,24.558,25.368,22.429,22.494,25.466,22.089,23.708,23.639,24.311,22.651,24.210
E0600027,Lincoln,employment_rate,68.047,67.905,66.916,73.025,70.112,67.082,70.828,70.979,69.170,69.320,69.633,69.890
E0600027,Lincoln,claimant_count_rate,6.720,6.625,6.300,5.122,6.367,6.167,4.990,4.599,5.652,4.796,6.523,5.613
E0600027,Lincoln,qualification_level4_pct,21.034,23.973,22.631,24.974,25.367,25.968,25.531,27.118,25.643,27.802,27.900,28.724
E0600027,Lincoln,working_age_share_pct,63.264,63.423,63.361,63.857,0.633,0.636,0.635,62.968,63.509,63.129,63.358,63.603
E0600028,Nottingham,unemployment_rate,5.569,7.165,6.532,6.357,5.591,6.472,5.023,5.835,4.764,5.789,6.638,4.108
E0600028,Nottingham,economic_inactivity_rate,16.955,18.376,18.204,17.953,18.884,18.184,18.046,18.428,18.393,18.501,17.692,19.649
E0600028,Nottingham,employment_rate,78.298,74.231,75.129,76.389,75.635,75.207,75.443,75.788,77.034,76.103,75.973,76.343
E0600028,Nottingham,claimant_count_rate,3.697,4.073,3.970,4.230,3.632,3.894,3.397,4.029,2.716,3.671,4.685,1.905
E0600028,Nottingham,qualification_level4_pct,31.611,30.997,29.092,33.344,30.553,33.183,33.844,34.454,35.793,37.982,37.891,37.297
E0600028,Nottingham,working_age_share_pct,62.826,63.182,62.929,62.904,0.629,0.625,0.629,62.549,62.561,62.371,62.704,62.872
E0600029,North Northamptonshire,unemployment_rate,2.858,2.579,3.558,2.487,2.714,2.862,3.050,2.237,1.498,1.903,3.240,2.148
E0600029,North Northamptonshire,economic_inactivity_rate,16.200,16.583,17.517,15.493,17.031,19.055,15.768,15.917,16.386,16.760,15.379,16.383
E0600029,North Northamptonshire,employment_rate,81.646,79.418,78.684,81.914,79.681,78.120,81.887,81.191,82.993,81.614,81.780,82.281
E0600029,North Northamptonshire,claimant_count_rate,1.134,0.141,1.153,0.100,0.382,0.100,1.304,0.272,0.100,0.100,0.740,0.679
E0600029,North Northamptonshire,qualification_level4_pct,27.316,27.978,26.587,26.930,27.419,29.457,29.484,31.405,32.139,32.830,34.441,35.536
E0600029,North Northamptonshire,working_age_share_pct,64.657,64.622,63.657,64.330,0.641,0.637,0.636,63.708,63.445,63.261,63.633,63.732
E0600030,Rutland,unemployment_rate,7.178,7.481,6.230,7.747,6.375,5.975,5.867,6.889,7.325,6.502,8.023,5.758
E0600030,Rutland,economic_inactivity_rate,20.981,21.922,21.464,21.415,21.965,19.514,21.174,20.933,21.936,22.135,19.366,21.392
E0600030,Rutland,employment_rate,70.923,70.527,73.047,70.054,72.829,74.574,72.636,71.291,71.387,70.359,70.646,73.777
E0600030,Rutland,claimant_count_rate,5.745,5.756,4.924,5.245,4.678,4.613,4.236,4.181,5.274,4.597,6.056,4.162
E0600030,Rutland,qualification_level4_pct,26.307,25.898,26.701,26.884,27.846,28.989,27.621,28.245,29.670,29.512,32.414,32.086
E0600030,Rutland,working_age_share_pct,63.569,63.159,63.802,63.263,0.633,0.633,0.625,62.842,63.089,63.125,63.071,62.377
E0600031,South Derbyshire,unemployment_rate,9.604,8.001,8.093,8.346,7.510,7.483,7.627,7.100,6.129,7.462,7.445,7.091
E0600031,South Derbyshire,economic_inactivity_rate,22.792,22.489,24.086,23.368,20.842,23.196,20.998,22.846,19.092,21.431,22.268,20.654
E0600031,South Derbyshire,employment_rate,68.276,69.256,68.123,68.876,72.401,69.494,72.670,69.129,74.096,70.739,70.899,72.274
E0600031,South Derbyshire,claimant_count_rate,6.211,6.332,6.263,6.023,5.602,5.728,6.381,5.468,4.986,5.814,5.709,5.481
E0600031,South Derbyshire,qualification_level4_pct,24.103,24.658,22.597,27.418,25.767,26.377,27.807,30.369,32.383,30.362,29.569,30.006
E0600031,South Derbyshire,working_age_share_pct,62.454,63.199,62.563,62.655,0.625,0.619,0.630,62.271,62.571,62.062,62.225,62.461
E0600032,West Northamptonshire,unemployment_rate,7.873,8.878,7.874,7.171,8.169,6.947,7.796,7.248,6.708,6.477,6.449,6.947
E0600032,West Northamptonshire,economic_inactivity_rate,21.541,21.719,22.536,23.256,24.238,22.461,20.448,23.451,22.576,20.554,20.565,23.943
E0600032,West Northamptonshire,employment_rate,70.271,68.630,69.627,68.678,68.050,70.533,71.245,68.970,70.955,74.029,73.079,70.161
E0600032,West Northamptonshire,claimant_count_rate,6.692,7.081,5.688,5.842,5.906,5.368,6.386,5.858,5.564,4.789,4.874,5.983
E0600032,West Northamptonshire,qualification_level4_pct,27.223,29.506,25.718,28.715,28.336,29.955,30.296,30.647,33.652,30.344,30.340,33.596
E0600032,West Northamptonshire,working_age_share_pct,64.511,63.824,64.132,64.329,0.643,0.639,0.638,63.994,63.359,64.091,63.319,63.662
E0600033,Birmingham,unemployment_rate,11.600,12.115,11.817,13.199,11.466,11.977,11.894,12.062,11.763,12.690,11.188,10.388
E0600033,Birmingham,economic_inactivity_rate,27.051,27.609,29.149,26.383,27.954,28.038,25.520,27.465,27.603,25.245,27.227,27.720
E0600033,Birmingham,employment_rate,60.665,59.748,60.207,60.931,61.630,59.077,61.425,60.134,60.438,62.399,62.078,61.276
E0600033,Birmingham,claimant_count_rate,10.619,11.156,10.875,11.632,9.980,10.561,9.991,10.459,10.346,11.552,10.146,9.514
E0600033,Birmingham,qualification_level4_pct,23.766,24.683,23.869,25.737,24.191,26.031,28.438,29.548,30.407,28.264,30.449,30.568
E0600033,Birmingham,working_age_share_pct,62.404,62.473,62.308,61.523,0.610,0.620,0.616,61.520,61.991,62.239,61.538,61.609
E0600035,Dudley,unemployment_rate,6.495,6.362,5.664,4.927,4.597,5.492,4.219,3.678,6.161,5.563,6.960,4.445
E0600035,Dudley,economic_inactivity_rate,24.853,21.832,22.014,21.319,24.588,22.112,21.491,20.084,22.615,21.889,21.842,23.919
E0600035,Dudley,employment_rate,67.843,71.951,72.202,73.111,70.413,72.822,74.613,76.523,70.332,73.440,70.246,72.006
E0600035,Dudley,claimant_count_rate,4.259,4.572,4.440,3.864,3.265,3.985,2.811,2.223,4.164,3.916,5.108,3.220
E0600035,Dudley,qualification_level4_pct,24.439,21.712,24.494,26.027,25.168,24.753,27.738,26.536,28.615,30.976,30.011,32.247
E0600035,Dudley,working_age_share_pct,63.774,64.157,63.700,64.087,0.634,0.636,0.634,63.804,63.791,63.621,64.384,63.356
E0600037,Sandwell,unemployment_rate,8.793,8.690,8.560,9.003,8.271,7.136,8.327,7.569,7.508,7.051,8.819,7.502
E0600037,Sandwell,economic_inactivity_rate,25.595,25.443,25.714,27.079,26.038,25.251,24.484,25.864,24.359,24.378,22.414,24.705
E0600037,Sandwell,employment_rate,66.077,65.118,64.935,63.153,65.624,67.970,67.239,66.018,67.453,68.630,69.548,66.550
E0600037,Sandwell,claimant_count_rate,7.744,6.596,6.850,7.282,6.425,6.389,6.953,6.156,6.100,5.756,7.030,5.993
E0600037,Sandwell,qualification_level4_pct,21.902,21.361,23.251,22.280,23.223,26.333,24.320,26.033,26.319,26.567,28.973,28.458
E0600037,Sandwell,working_age_share_pct,62.764,63.924,63.186,63.039,0.627,0.624,0.632,63.455,63.292,62.737,62.696,62.141
E0600038,Shropshire,unemployment_rate,4.590,4.636,4.808,5.589,3.391,4.889,3.409,4.509,4.562,3.005,5.327,3.805
E0600038,Shropshire,economic_inactivity_rate,21.045,21.333,19.168,19.256,20.285,19.766,18.879,18.923,21.090,18.207,21.263,20.629
E0600038,Shropshire,employment_rate,74.576,73.925,75.782,75.409,76.635,76.476,77.918,76.128,74.334,79.121,73.877,75.920
E0600038,Shropshire,claimant_count_rate,2.860,2.607,2.647,3.013,2.147,2.608,1.117,2.095,2.425,1.598,3.264,2.226
E0600038,Shropshire,qualification_level4_pct,22.341,22.981,25.997,25.919,27.138,27.953,28.448,27.742,29.004,29.568,30.461,30.876
E0600038,Shropshire,working_age_share_pct,63.419,63.620,63.834,63.197,0.641,0.636,0.634,63.943,63.869,62.913,62.847,63.328
E0600040,Wolverhampton,unemployment_rate,3.212,3.721,2.921,2.772,3.267,1.830,2.770,2.567,2.301,2.906,3.734,2.152
E0600040,Wolverhampton,economic_inactivity_rate,18.517,18.725,17.711,17.153,18.348,18.602,17.878,18.390,17.933,17.474,16.623,18.386
E0600040,Wolverhampton,employment_rate,78.621,77.516,79.110,80.333,78.469,80.032,78.639,79.738,79.995,79.747,81.735,79.604
E0600040,Wolverhampton,claimant_count_rate,0.936,1.343,1.019,0.629,1.225,0.100,0.495,0.526,0.176,0.481,0.957,0.100
E0600040,Wolverhampton,qualification_level4_pct,23.456,24.074,22.514,29.125,27.699,26.554,29.438,31.600,30.348,30.265,30.357,31.831
E0600040,Wolverhampton,working_age_share_pct,63.554,64.369,64.119,64.603,0.641,0.639,0.645,63.858,64.193,63.875,63.646,63.210
E0600041,Bedford,unemployment_rate,5.480,4.947,5.341,4.002,3.791,3.285,4.584,3.529,3.415,4.233,5.494,3.119
E0600041,Bedford,economic_inactivity_rate,19.300,21.099,20.514,19.489,21.921,22.084,18.301,19.849,19.718,20.523,20.058,21.576
E0600041,Bedford,employment_rate,75.806,72.858,74.014,76.308,74.648,74.907,78.143,77.576,77.325,74.536,73.726,75.611
E0600041,Bedford,claimant_count_rate,3.423,2.483,3.449,2.137,1.809,1.722,2.766,2.222,2.029,2.380,3.077,1.626
E0600041,Bedford,qualification_level4_pct,22.969,23.953,24.774,24.239,24.670,26.575,27.583,26.173,28.660,28.809,32.641,30.219
E0600041,Bedford,working_age_share_pct,63.682,64.224,63.877,64.057,0.643,0.638,0.638,63.673,64.162,64.816,64.300,63.678
E0600042,Cambridge,unemployment_rate,3.248,3.281,2.041,3.828,2.209,1.856,3.610,2.745,2.308,3.557,4.386,2.389
E0600042,Cambridge,economic_inactivity_rate,17.746,18.571,16.707,18.242,17.889,18.205,15.999,17.319,17.684,16.858,18.237,19.033
E0600042,Cambridge,employment_rate,78.614,78.975,80.600,77.371,79.928,80.486,79.472,79.588,80.315,79.663,77.501,77.661
E0600042,Cambridge,claimant_count_rate,0.580,1.175,0.986,1.831,0.159,0.100,1.030,1.346,0.551,0.796,2.331,0.500
E0600042,Cambridge,qualification_level4_pct,28.300,28.499,28.451,28.141,30.416,29.567,30.130,31.322,32.862,33.006,34.851,34.472
E0600042,Cambridge,working_age_share_pct,64.784,64.426,64.800,64.292,0.639,0.640,0.640,64.751,64.476,64.508,63.560,64.175
E0600043,Chelmsford,unemployment_rate,8.683,7.191,8.024,8.327,7.476,8.792,7.383,8.471,8.090,8.177,9.233,6.818
E0600043,Chelmsford,economic_inactivity_rate,22.210,24.380,22.835,21.810,22.958,21.009,23.397,21.412,22.005,21.102,21.451,21.353
E0600043,Chelmsford,employment_rate,68.771,68.291,69.157,69.735,69.837,69.306,69.020,70.710,70.666,70.206,69.588,72.937
E0600043,Chelmsford,claimant_count_rate,6.965,5.573,6.336,6.536,6.049,7.055,5.982,6.667,6.113,6.869,7.563,5.662
E0600043,Chelmsford,qualification_level4_pct,24.777,25.118,24.471,26.155,28.947,29.657,29.433,30.126,32.275,32.432,34.318,34.051
E0600043,Chelmsford,working_age_share_pct,62.922,62.705,63.248,62.940,0.628,0.638,0.623,62.470,62.159,62.181,62.716,61.705
E0600044,Luton,unemployment_rate,8.128,8.320,6.687,6.275,6.989,6.814,6.979,6.728,7.279,7.037,8.853,7.821
E0600044,Luton,economic_inactivity_rate,24.582,24.426,23.785,23.826,25.126,24.584,25.519,21.655,22.749,22.844,24.162,24.721
E0600044,Luton,employment_rate,67.755,66.347,69.174,69.947,67.602,67.884,67.738,71.926,69.941,70.340,67.152,67.208
E0600044,Luton,claimant_count_rate,6.693,6.969,4.833,4.636,5.950,5.355,4.626,5.322,5.342,5.632,6.877,6.258
E0600044,Luton,qualification_level4_pct,20.054,20.400,24.119,22.621,23.504,26.457,24.801,27.076,28.938,28.893,28.661,27.939
E0600044,Luton,working_age_share_pct,62.958,62.773,62.418,62.912,0.628,0.627,0.628,63.017,62.929,62.729,62.746,62.618
E0600045,Norwich,unemployment_rate,3.006,4.031,4.812,4.012,1.572,2.268,2.001,3.027,3.525,2.348,3.367,1.443
E0600045,Norwich,economic_inactivity_rate,18.068,19.485,17.851,18.958,18.762,19.382,17.028,19.004,17.843,17.282,18.068,16.674
E0600045,Norwich,employment_rate,79.297,74.990,77.714,77.766,79.615,77.702,80.956,77.581,78.184,80.160,78.331,81.733
E0600045,Norwich,claimant_count_rate,0.325,1.652,1.514,1.106,0.100,0.128,0.100,0.392,0.897,0.432,1.048,0.100
E0600045,Norwich,qualification_level4_pct,25.935,27.680,25.605,28.334,29.449,30.546,29.314,31.297,28.100,30.046,32.009,33.783
E0600045,Norwich,working_age_share_pct,64.504,64.473,63.612,63.630,0.630,0.634,0.635,63.566,63.473,63.763,63.618,63.611
E0600046,Peterborough,unemployment_rate,8.320,8.231,7.685,6.967,7.921,7.495,8.091,7.639,7.803,8.445,7.897,8.560
E0600046,Peterborough,economic_inactivity_rate,25.483,25.725,27.399,26.721,26.370,23.875,25.946,25.578,25.617,27.148,24.691,24.681
E0600046,Peterborough,employment_rate,65.516,66.700,64.637,66.984,64.945,68.723,66.489,66.621,66.648,63.787,67.404,66.844
E0600046,Peterborough,claimant_count_rate,6.453,6.473,6.088,6.698,6.145,6.323,6.231,6.069,5.784,6.652,6.411,7.174
E0600046,Peterborough,qualification_level4_pct,19.881,20.627,22.935,20.263,20.984,23.166,22.537,23.362,24.731,26.232,26.063,28.814
E0600046,Peterborough,working_age_share_pct,64.218,63.887,63.231,63.081,0.637,0.639,0.634,62.741,63.616,62.943,63.215,62.657
E0600047,Southend-on-Sea,unemployment_rate,5.075,6.084,5.433,5.025,5.882,4.070,3.431,4.497,4.347,5.404,5.519,4.456
E0600047,Southend-on-Sea,economic_inactivity_rate,20.860,18.570,20.552,18.884,22.010,18.405,20.494,20.338,20.817,21.319,18.695,16.903
E0600047,Southend-on-Sea,employment_rate,74.306,74.609,73.504,75.829,72.512,78.027,75.268,75.517,75.018,73.229,75.579,78.840
E0600047,Southend-on-Sea,claimant_count_rate,3.266,3.580,3.385,3.097,3.634,1.794,2.309,2.748,2.364,3.010,3.294,3.163
E0600047,Southend-on-Sea,qualification_level4_pct,26.097,28.666,29.271,27.112,29.883,30.137,29.952,31.998,32.279,32.988,35.092,33.408
E0600047,Southend-on-Sea,working_age_share_pct,63.790,63.804,63.706,63.736,0.631,0.638,0.640,63.435,63.984,63.420,63.763,63.622
E0600048,Watford,unemployment_rate,9.806,8.127,8.328,7.709,7.651,7.642,7.656,8.612,6.438,8.590,9.258,8.023
E0600048,Watford,economic_inactivity_rate,21.288,20.388,21.573,22.079,20.893,20.650,20.311,19.270,21.696,20.774,21.988,20.873
E0600048,Watford,employment_rate,69.063,71.017,69.473,69.812,71.240,72.122,71.890,71.264,72.678,71.136,68.475,71.346
E0600048,Watford,claimant_count_rate,7.868,6.960,6.733,5.894,6.360,6.017,6.490,6.784,4.862,6.693,7.631,6.277
E0600048,Watford,qualification_level4_pct,30.285,28.814,29.903,32.752,34.929,34.435,35.757,34.780,35.568,35.333,34.546,38.213
E0600048,Watford,working_age_share_pct,62.970,62.863,62.781,62.951,0.630,0.629,0.630,63.054,62.888,62.997,62.797,62.152
E0600050,City of London,unemployment_rate,4.983,4.976,3.920,3.823,4.412,3.916,4.645,4.157,3.375,3.964,5.263,3.606
E0600050,City of London,economic_inactivity_rate,20.689,21.327,19.254,19.927,19.783,21.166,20.612,20.452,21.959,19.458,19.489,20.260
E0600050,City of London,employment_rate,75.015,73.658,76.622,77.272,75.217,73.696,73.932,76.950,74.926,75.147,75.710,76.560
E0600050,City of London,claimant_count_rate,4.273,4.051,3.291,3.531,3.436,3.839,3.100,3.303,3.204,3.657,4.076,3.062
E0600050,City of London,qualification_level4_pct,31.332,29.109,31.325,30.180,33.824,34.932,34.226,36.220,37.789,39.098,37.937,38.668
E0600050,City of London,working_age_share_pct,67.347,67.004,66.805,66.802,0.666,0.674,0.675,66.847,66.861,66.895,67.237,66.584
E0600051,Greenwich,unemployment_rate,6.183,5.769,4.625,5.550,5.053,4.817,4.817,3.311,5.302,3.823,5.426,3.268
E0600051,Greenwich,economic_inactivity_rate,18.424,19.229,17.798,19.074,17.484,18.809,19.282,21.630,21.338,18.903,17.810,15.811
E0600051,Greenwich,employment_rate,74.737,74.960,77.565,76.022,78.124,75.542,76.271,75.030,74.033,77.206,76.688,79.402
E0600051,Greenwich,claimant_count_rate,3.531,3.758,2.210,3.375,2.912,2.515,2.538,1.396,3.444,1.755,2.932,2.017
E0600051,Greenwich,qualification_level4_pct,24.261,27.774,26.267,30.251,29.673,28.614,27.584,28.879,30.476,31.432,32.588,36.206
E0600051,Greenwich,working_age_share_pct,63.289,63.049,63.482,63.238,0.628,0.631,0.623,62.047,62.579,62.624,62.973,62.666
E0600052,Hackney,unemployment_rate,4.248,4.115,3.845,4.272,4.715,2.549,4.421,6.393,3.006,3.501,6.545,4.698
E0600052,Hackney,economic_inactivity_rate,22.100,17.865,18.258,18.696,18.178,19.759,19.834,18.432,19.860,17.006,18.780,19.723
E0600052,Hackney,employment_rate,73.413,78.209,76.782,76.531,77.062,77.626,75.770,75.116,77.682,78.227,74.709,75.424
E0600052,Hackney,claimant_count_rate,2.372,1.812,1.672,1.771,2.224,0.772,2.214,3.512,1.320,2.140,4.135,2.703
E0600052,Hackney,qualification_level4_pct,24.020,25.346,26.612,25.976,28.946,27.033,28.005,30.246,28.155,30.790,30.667,32.572
E0600052,Hackney,working_age_share_pct,63.144,63.848,64.066,63.854,0.635,0.631,0.631,63.169,63.209,64.317,62.718,63.185
E0600054,Lambeth,unemployment_rate,8.352,8.735,8.303,7.510,8.004,7.996,7.218,8.577,6.998,7.672,9.140,6.373
E0600054,Lambeth,economic_inactivity_rate,26.188,26.650,24.533,24.025,25.698,27.743,27.701,25.728,24.794,27.255,24.964,25.185
E0600054,Lambeth,employment_rate,65.408,64.175,68.170,68.396,67.002,62.533,65.972,65.437,69.792,65.243,66.353,68.258
E0600054,Lambeth,claimant_count_rate,6.737,7.675,6.846,5.816,6.192,6.424,5.967,6.762,5.912,6.732,7.203,5.180
E0600054,Lambeth,qualification_level4_pct,18.396,20.557,21.211,21.336,21.691,24.951,23.472,24.142,25.678,25.955,25.089,27.484
E0600054,Lambeth,working_age_share_pct,63.341,63.637,63.599,63.045,0.628,0.634,0.633,63.123,63.346,63.247,62.883,62.706
E0600055,Newham,unemployment_rate,7.155,7.739,6.828,6.062,5.785,7.061,6.801,7.800,6.430,7.009,6.647,5.883
E0600055,Newham,economic_inactivity_rate,22.758,22.061,20.603,21.945,21.427,21.425,21.219,25.004,21.159,20.391,20.886,21.348
E0600055,Newham,employment_rate,69.396,71.385,73.293,72.556,71.913,72.981,72.601,66.073,72.730,73.598,73.054,73.839
E0600055,Newham,claimant_count_rate,5.885,5.407,5.055,4.570,4.434,4.969,6.137,5.544,5.186,5.596,4.865,4.296
E0600055,Newham,qualification_level4_pct,26.298,26.112,26.546,25.352,28.457,28.725,31.800,31.284,29.680,33.342,33.080,31.432
E0600055,Newham,working_age_share_pct,63.913,62.664,62.992,63.807,0.631,0.631,0.629,63.837,62.994,63.597,62.907,62.496
E0600056,Westminster,unemployment_rate,5.609,5.475,6.541,4.240,5.253,4.595,5.496,5.139,6.676,5.115,5.392,3.980
E0600056,Westminster,economic_inactivity_rate,20.310,19.640,19.639,19.328,18.565,18.507,18.237,18.172,18.262,17.215,19.353,17.484
E0600056,Westminster,employment_rate,73.534,74.616,73.675,76.250,75.411,77.260,76.915,77.620,74.533,77.587,75.139,79.117
E0600056,Westminster,claimant_count_rate,3.591,3.670,4.281,2.130,3.722,2.959,3.512,3.493,4.711,3.625,4.032,2.612
E0600056,Westminster,qualification_level4_pct,28.272,27.630,29.395,32.581,31.491,31.605,32.784,35.147,31.623,32.605,36.160,35.992
E0600056,Westminster,working_age_share_pct,64.296,64.363,63.518,63.477,0.642,0.637,0.635,63.789,63.447,63.453,63.613,63.336
E0600058,Guildford,unemployment_rate,9.545,7.960,9.673,9.950,9.572,8.980,9.128,9.437,9.859,8.924,9.631,8.268
E0600058,Guildford,economic_inactivity_rate,24.614,24.645,24.827,25.539,24.617,25.476,22.961,23.875,25.139,24.547,22.663,23.964
E0600058,Guildford,employment_rate,64.819,66.994,65.028,65.392,65.739,65.373,68.061,66.495,64.467,65.924,67.819,67.301
E0600058,Guildford,claimant_count_rate,7.240,7.357,7.517,7.601,7.850,6.306,6.996,7.593,8.577,7.067,7.324,6.638
E0600058,Guildford,qualification_level4_pct,23.142,22.849,22.584,27.864,26.432,27.566,25.620,26.577,27.598,29.544,30.812,28.600
E0600058,Guildford,working_age_share_pct,61.070,61.611,62.316,..,0.614,0.613,0.616,61.409,61.134,61.356,61.471,61.388
E0600059,Milton Keynes,unemployment_rate,4.725,5.577,6.008,5.813,4.884,6.465,5.860,5.728,4.640,5.098,5.221,3.627
E0600059,Milton Keynes,economic_inactivity_rate,19.278,21.200,21.074,21.243,21.573,19.073,20.187,22.296,19.609,19.784,19.684,19.612
E0600059,Milton Keynes,employment_rate,76.628,73.223,72.378,..,72.980,75.799,72.615,72.987,75.263,75.486,75.071,76.687
E0600059,Milton Keynes,claimant_count_rate,2.877,3.323,3.475,3.140,2.945,4.019,4.548,3.729,3.329,3.087,3.643,2.000
E0600059,Milton Keynes,qualification_level4_pct,24.838,24.879,24.331,27.642,26.561,30.859,27.661,30.826,29.268,32.308,..,31.811
E0600059,Milton Keynes,working_age_share_pct,63.126,64.475,63.660,64.881,0.637,0.632,0.631,62.867,63.583,63.099,62.560,62.960
E0600060,Oxford,unemployment_rate,9.445,10.366,8.699,9.882,9.854,7.937,8.525,8.758,8.709,8.323,9.564,9.549
E0600060,Oxford,economic_inactivity_rate,29.451,28.350,29.705,25.780,26.005,27.106,25.801,28.042,27.027,27.821,26.749,26.521
E0600060,Oxford,employment_rate,60.768,61.802,61.341,64.553,64.311,64.616,66.603,63.701,64.797,63.954,63.092,63.977
E0600060,Oxford,claimant_count_rate,7.874,8.431,7.358,7.884,7.641,6.474,6.979,7.229,7.583,7.472,7.463,7.323
E0600060,Oxford,qualification_level4_pct,20.659,16.795,19.114,19.393,18.654,19.639,20.313,23.205,21.652,22.141,25.030,24.903
E0600060,Oxford,working_age_share_pct,62.935,63.142,62.875,62.392,0.636,0.632,0.631,62.903,63.115,62.631,62.793,62.125
E0600061,Portsmouth,unemployment_rate,6.188,4.659,5.314,4.988,5.601,4.279,4.623,4.635,5.475,3.167,7.017,4.109
E0600061,Portsmouth,economic_inactivity_rate,21.852,19.899,19.251,20.632,19.678,19.255,18.740,20.319,19.232,18.789,19.669,17.758
E0600061,Portsmouth,employment_rate,72.261,75.406,76.025,74.278,74.270,76.258,77.060,73.985,74.658,77.628,73.698,78.004
E0600061,Portsmouth,claimant_count_rate,3.367,2.848,2.675,2.998,3.450,2.498,2.960,2.799,2.935,2.547,4.132,2.340
E0600061,Portsmouth,qualification_level4_pct,24.396,24.985,26.327,28.128,25.673,27.382,29.532,29.070,28.095,30.601,30.772,32.190
E0600061,Portsmouth,working_age_share_pct,64.687,63.937,63.778,63.972,0.641,0.634,0.639,64.082,63.809,63.758,63.313,63.240
E0600063,Southampton,unemployment_rate,8.714,8.171,8.113,8.727,9.787,9.084,9.205,8.928,8.637,7.981,9.615,8.424
E0600063,Southampton,economic_inactivity_rate,24.938,24.276,23.125,22.902,25.699,23.942,26.540,24.439,23.686,24.819,24.026,25.525
E0600063,Southampton,employment_rate,66.191,68.005,67.875,68.060,63.800,67.289,64.202,65.458,68.003,66.603,65.194,65.309
E0600063,Southampton,claimant_count_rate,7.279,7.392,6.736,7.380,7.644,7.490,6.911,7.603,6.726,6.909,7.660,7.342
E0600063,Southampton,qualification_level4_pct,23.562,24.531,25.984,26.576,25.645,27.841,28.218,26.909,28.553,27.703,30.641,30.710
E0600063,Southampton,working_age_share_pct,63.455,63.494,63.866,63.025,0.633,0.629,0.636,63.486,62.383,62.611,62.873,62.803
E0600064,Wokingham,unemployment_rate,6.257,6.471,7.858,6.677,5.659,5.958,6.967,6.948,6.166,6.219,7.776,5.287
E0600064,Wokingham,economic_inactivity_rate,23.209,23.936,22.208,24.472,23.307,22.607,24.463,21.188,25.220,24.390,..,21.778
E0600064,Wokingham,employment_rate,69.898,70.310,69.798,68.624,70.706,71.699,68.613,72.387,68.451,70.224,68.971,73.152
E0600064,Wokingham,claimant_count_rate,3.804,4.683,5.455,3.859,3.384,4.167,4.736,4.907,4.368,3.505,4.738,3.709
E0600064,Wokingham,qualification_level4_pct,18.191,18.126,20.487,20.449,20.804,22.678,18.534,20.985,26.147,27.789,24.963,27.014
E0600064,Wokingham,working_age_share_pct,62.121,62.214,62.889,62.577,0.623,0.620,0.621,61.772,62.012,62.492,62.027,62.033
E0600065,Bath and North East Somerset,unemployment_rate,10.788,8.917,9.050,8.730,10.190,8.363,10.060,8.853,9.375,8.537,8.977,9.146
E0600065,Bath and North East Somerset,economic_inactivity_rate,27.466,27.536,25.370,27.161,28.227,25.893,25.863,28.144,25.551,26.735,25.598,25.632
E0600065,Bath and North East Somerset,employment_rate,61.497,63.330,65.333,64.303,61.112,66.179,64.048,62.961,64.918,64.512,64.917,65.469
E0600065,Bath and North East Somerset,claimant_count_rate,9.093,7.408,7.818,7.676,7.585,7.207,8.105,6.910,7.568,7.375,7.523,8.043
E0600065,Bath and North East Somerset,qualification_level4_pct,18.246,19.900,19.239,18.537,22.078,21.980,21.825,23.183,24.416,27.037,25.206,25.791
E0600065,Bath and North East Somerset,working_age_share_pct,63.456,63.247,62.858,62.266,0.627,0.625,0.624,63.080,62.752,63.186,62.410,62.183
E0600066,"Bournemouth, Christchurch and Poole",unemployment_rate,2.632,2.227,3.225,3.875,2.904,2.865,3.147,1.106,3.327,2.618,4.544,2.154
E0600066,"Bournemouth, Christchurch and Poole",economic_inactivity_rate,17.883,17.181,17.824,16.034,16.166,15.465,13.464,16.522,15.286,15.175,15.316,16.263
E0600066,"Bournemouth, Christchurch and Poole",employment_rate,79.523,81.015,79.879,79.473,81.736,81.466,82.802,81.667,80.887,82.612,79.690,81.464
E0600066,"Bournemouth, Christchurch and Poole",claimant_count_rate,0.100,0.100,0.622,0.651,0.439,0.100,0.100,0.100,0.307,0.641,0.642,0.334
E0600066,"Bournemouth, Christchurch and Poole",qualification_level4_pct,25.638,27.343,27.337,28.860,30.278,28.640,29.292,32.944,29.959,33.134,35.056,34.317
E0600066,"Bournemouth, Christchurch and Poole",working_age_share_pct,62.909,63.905,63.011,63.385,0.628,0.622,0.636,62.895,62.560,62.583,62.052,62.791
E0600067,"Bristol, City of",unemployment_rate,7.735,6.353,7.157,5.233,6.765,6.458,6.249,6.032,4.442,6.401,6.481,6.812
E0600067,"Bristol, City of",economic_inactivity_rate,20.701,20.847,21.892,20.581,20.465,21.890,20.759,21.169,20.321,22.322,20.717,18.310
E0600067,"Bristol, City of",employment_rate,71.530,72.118,71.000,74.242,73.486,71.037,74.003,72.518,75.928,72.595,73.249,74.644
E0600067,"Bristol, City of",claimant_count_rate,5.039,4.658,5.365,3.750,4.485,4.474,4.697,4.492,3.375,4.840,4.428,4.284
E0600067,"Bristol, City of",qualification_level4_pct,24.241,22.873,27.278,25.461,29.455,28.707,30.819,31.618,29.563,33.089,32.476,34.187
E0600067,"Bristol, City of",working_age_share_pct,63.283,63.911,63.476,63.189,0.631,0.629,0.630,62.932,62.565,62.912,63.087,63.568
E0600068,Cornwall,unemployment_rate,9.546,10.411,8.941,9.458,8.170,9.321,8.478,9.626,9.229,8.158,10.554,7.588
E0600068,Cornwall,economic_inactivity_rate,24.973,24.758,24.523,23.926,24.514,23.049,23.473,22.755,23.898,22.501,22.887,24.104
E0600068,Cornwall,employment_rate,66.014,63.548,64.907,67.494,67.523,68.370,66.914,67.516,67.052,69.557,66.738,67.976
E0600068,Cornwall,claimant_count_rate,7.622,8.142,6.708,7.810,6.810,8.152,6.490,7.257,7.993,6.800,9.334,6.118
E0600068,Cornwall,qualification_level4_pct,24.741,26.068,25.153,26.813,27.491,26.438,25.102,26.233,28.493,31.377,30.539,28.397
E0600068,Cornwall,working_age_share_pct,62.625,62.162,62.961,61.894,0.624,0.622,0.625,61.828,62.648,62.477,61.706,61.823
E0600069,Exeter,unemployment_rate,2.704,5.610,4.544,3.629,3.949,3.897,1.821,3.877,2.509,4.021,4.032,2.748
E0600069,Exeter,economic_inactivity_rate,18.720,19.629,16.830,20.034,18.542,19.668,18.158,16.906,17.747,16.821,17.174,15.594
E0600069,Exeter,employment_rate,79.164,75.131,78.953,75.827,77.416,76.860,80.586,79.189,79.822,79.483,79.403,81.502
E0600069,Exeter,claimant_count_rate,0.702,3.644,1.872,2.077,1.746,1.935,0.100,1.527,0.382,2.181,1.841,0.639
E0600069,Exeter,qualification_level4_pct,26.670,24.970,27.411,28.660,26.398,29.021,27.144,30.281,29.658,32.747,31.222,32.823
E0600069,Exeter,working_age_share_pct,63.407,63.595,63.787,64.355,0.639,0.640,0.639,63.338,63.846,64.003,63.131,63.680
E0600070,Plymouth,unemployment_rate,7.430,6.974,6.186,7.897,7.722,7.156,6.570,8.014,7.640,8.013,7.571,6.365
E0600070,Plymouth,economic_inactivity_rate,21.790,21.700,21.491,20.259,20.276,21.525,22.836,21.594,19.371,19.440,20.504,20.016
E0600070,Plymouth,employment_rate,71.119,71.385,72.112,71.734,73.448,70.583,71.180,69.394,72.771,72.468,71.263,72.170
E0600070,Plymouth,claimant_count_rate,5.450,5.563,5.105,5.958,6.230,5.335,5.167,5.410,6.623,5.734,5.302,4.977
E0600070,Plymouth,qualification_level4_pct,27.405,25.364,27.927,28.505,26.767,31.154,30.988,29.899,32.787,30.212,35.330,33.976
E0600070,Plymouth,working_age_share_pct,62.944,62.896,62.796,62.690,0.634,0.629,0.632,63.138,62.984,62.715,63.010,62.927
E0600071,Swindon,unemployment_rate,8.312,7.936,7.301,8.169,7.525,7.685,7.425,8.556,8.009,6.956,7.632,6.903
E0600071,Swindon,economic_inactivity_rate,24.875,24.756,22.335,23.626,24.940,23.818,22.891,24.486,24.363,22.404,23.090,21.914
E0600071,Swindon,employment_rate,67.450,66.549,71.176,68.019,67.865,68.699,69.176,67.883,68.401,71.871,69.783,70.727
E0600071,Swindon,claimant_count_rate,6.176,6.727,5.338,6.083,6.047,5.818,5.454,5.879,6.049,5.312,6.566,5.949
E0600071,Swindon,qualification_level4_pct,21.520,21.020,22.465,23.229,22.194,24.622,24.092,24.735,27.644,25.374,27.284,30.923
E0600071,Swindon,working_age_share_pct,62.642,63.109,62.856,62.137,0.625,0.627,0.619,62.371,61.353,61.684,61.917,61.802
