area_code,year,population_growth_pct,net_migration_rate,population,population_density,median_age,broadband_pct
E0600001,2010 [YR2010],0.42289303484845997,-2.3991424762118907,"124,534",286.81263242513654,39.3434726159819,
E0600001,2011 [YR2011],-0.3826161085931219,-1.5761787248942771,"124,058",285.715241091998,40.11674725239687,
E0600001,2012 [YR2012],0.1649308283652532,-2.3492382879216436,"124,945",287.75949751899867,39.453188307985585,
E0600001,2013 [YR2013],0.06966078723349495,-4.558762340591001,"124,795",287.41243787325647,40.201183079212804,62.02
E0600001,2014 [YR2014],-0.044951905355517435,-4.15613178759547,"124,310",286.2972690815005,40.13563239048483,70.40
E0600001,2015 [YR2015],0.09015241206768138,-3.693109742017757,"125,097",288.10780811627126,40.13110880414507,73.34
E0600001,2016 [YR2016],-0.07158394060623832,-3.930058481368026,"124,000",285.58296416943296,40.13501098010293,75.41
E0600001,2017 [YR2017],0.5606315316465179,-4.812754641174411,"129,504",298.25945522452423,40.416629950792775,79.21
E0600001,2018 [YR2018],-0.31171660199588946,-4.5596528934676375,"121,462",279.73783971685907,40.92067786148358,83.76
E0600001,2019 [YR2019],-0.040936570763496105,-5.457404285361026,"124,076",285.7576597764123,40.98098705032827,87.06
E0600001,2020 [YR2020],0.32638764914224233,-4.082626572407502,"128,659",296.31253830948305,40.991994354415226,86.01
E0600001,2021 [YR2021],-0.1257233957045052,-4.402996676397451,"122,823",282.87097629832783,40.99332112394952,92.66
E0600002,2010 [YR2010],1.1309100569889323,-3.1581469578503745,"86,097",76.41988833491943,38.20901041515244,63.04
E0600002,2011 [YR2011],1.7268760003990256,-5.359019448712064,"87,584",77.73956504610689,37.74297508586809,59.31
E0600002,2012 [YR2012],1.3015749316789924,-3.7726810596106626,"88,353",78.42215882635888,37.71007465800509,66.92
E0600002,2013 [YR2013],1.4507420905399848,-5.246342956671075,"89,899",79.79433932054778,38.561727053107006,68.16
E0600002,2014 [YR2014],0.8641896240925503,-6.517726534495588,"89,112",79.0959803393887,38.49142411307024,72.97
E0600002,2015 [YR2015],1.3093167134589145,-5.725821884639072,"91,883",81.55551414567827,38.60159011172177,75.33
E0600002,2016 [YR2016],1.0536898608308185,-5.913216454686278,"91,686",81.38033142914048,38.84538872210524,78.33
E0600002,2017 [YR2017],1.4382409004527739,-6.08164775281922,"95,148",84.45363822216964,38.59961328071927,80.50
E0600002,2018 [YR2018],1.7498131491928783,-6.881305422631725,"98,914",87.79612774235376,38.947942208007646,83.33
E0600002,2019 [YR2019],1.0030870605020628,-9.177560142045479,"94,189",83.60230060321261,38.937524357121916,88.76
E0600002,2020 [YR2020],1.1372233801015927,-5.198678649534517,"96,405",85.56904050323813,39.93792423058669,91.66
E0600002,2021 [YR2021],0.751059065204212,-5.963374264043174,"93,483",82.9759472293511,39.27988931123858,89.51
E0600003,2010 [YR2010],0.46578562366002174,-2.419826096708765,"100,819",105.9311401220549,40.847823658516575,57.89
E0600003,2011 [YR2011],-0.08331446219968686,-3.3993575712235304,"100,735",105.8428841623602,40.55704023633517,63.63
E0600003,2012 [YR2012],0.40415300643318364,-3.0868330775161907,"101,636",106.78911817272218,39.97045437326569,66.37
E0600003,2013 [YR2013],0.283592936342211,-0.6876861023615477,"101,679",106.8349380825526,40.00912343159431,65.44
E0600003,2014 [YR2014],-0.02949997872462609,-3.8611257508007064,"100,700",105.80619676784771,40.44460248544914,73.11
E0600003,2015 [YR2015],0.6070561801826324,-4.373336816600221,"103,917",109.18572293348578,40.9720713443421,69.69
E0600003,2016 [YR2016],0.10135318888286907,-6.108997373759314,"101,434",106.57696212224636,40.84847982169279,75.18
E0600003,2017 [YR2017],-0.07126060455192507,-4.152418481984837,"100,317",105.4038582302401,40.74714359958348,80.53
E0600003,2018 [YR2018],0.42617689525960095,-4.240804407430055,"104,308",109.59710590675826,41.27586834491792,82.26
E0600003,2019 [YR2019],0.3355230398442661,-3.50376033001695,"103,905",109.17321933775281,40.72826135046768,83.74
E0600003,2020 [YR2020],0.7486053809228064,-2.220825409016979,"108,626",114.13374759543049,40.75434398651944,88.98
E0600003,2021 [YR2021],0.27659922301062767,-3.5474564358076774,"103,929",109.19913855277414,41.37210764462397,94.04
E0600005,2010 [YR2010],0.20869207412303334,-2.804131133005977,"115,658",196.1362769834388,39.997128223682815,
E0600005,2011 [YR2011],0.20087011672155514,-0.07556652739352554,"115,890",196.53025615194875,39.259133866273054,
E0600005,2012 [YR2012],0.7016135681314737,-2.691305178231403,"117,286",198.89816948185896,39.902608247359076,
E0600005,2013 [YR2013],1.0499864217374526,-0.6257315001907527,"119,339",202.37958725198396,40.61516509340364,NA
E0600005,2014 [YR2014],0.1634331346101338,-2.965694850651934,"116,415",197.42163039779928,40.15944943614897,67.53
E0600005,2015 [YR2015],0.22863608307145006,-0.3215809693521865,"116,986",198.3887448756722,39.70980372209747,70.43
E0600005,2016 [YR2016],0.4058866700900298,-1.3019666348005168,"118,503",200.96155451553278,40.34565679165931,76.37
E0600005,2017 [YR2017],0.6431874922726911,-1.273869315705399,"120,966",205.1391766233301,39.518616396946044,70.77
E0600005,2018 [YR2018],0.4370863994905235,-2.367604209762604,"119,764",203.10039723789654,40.90924919837676,81.67
E0600005,2019 [YR2019],0.8692466415890303,-5.790427387600307,"125,027",212.02492708541791,40.33134732725592,82.12
E0600005,2020 [YR2020],0.33024328117683055,-1.8941498907909624,"119,534",202.71065671890656,40.47096301368081,82.39
E0600005,2021 [YR2021],0.9492995930511636,-4.75807893933748,"128,325",217.61776120734402,41.03464430275559,90.55
E0600006,2010 [YR2010],-0.2424462753739532,-4.193239860117813,"128,530",222.5652734403325,39.41578650191143,
E0600006,2011 [YR2011],0.44966842098771204,-2.664747111856136,"129,108",223.56607919107861,38.86897306567015,
E0600006,2012 [YR2012],0.5414229109377653,-4.763934163994171,"129,926",224.98183645574346,39.80222657256714,
E0600006,2013 [YR2013],0.3426558877740852,-6.162004146060349,"129,856",224.86102105616078,39.481044962531634,73.72
E0600006,2014 [YR2014],0.48012837341789827,-1.651210773968137,"131,016",226.87055208478967,39.896935426760116,70.36
E0600006,2015 [YR2015],0.7440172878118341,-4.291079529064052,"133,383",230.96901768355602,39.72124152373398,77.38
E0600006,2016 [YR2016],0.944923653422658,-3.736329045357704,"135,992",235.48557357891244,39.93995464631431,79.66
E0600006,2017 [YR2017],0.341187033603424,-3.558669582147396,"131,631",227.93553873691522,40.05504146653072,81.65
E0600006,2018 [YR2018],0.2409493580188391,-5.094285357661127,"131,029",226.89178496527518,39.867100914597366,85.16
E0600006,2019 [YR2019],-0.06096131146112499,-4.127757493244284,"127,827",221.34713843758203,40.06838330452625,85.65
E0600006,2020 [YR2020],1.0081788601495887,-5.643239969437396,"142,092",246.04968479233216,40.593454307562126,89.36
E0600006,2021 [YR2021],0.38061871088131793,-3.814337899599767,"134,015",232.06302710610265,40.46784506972782,96.18
E0600007,2010 [YR2010],0.9024669114497736,-0.7832341811496089,"94,109",64.77209293145853,38.547783197188295,NA
E0600007,2011 [YR2011],0.9847047787009473,-4.628679429842213,"95,036",65.40990682581922,38.91926264680633,54.10
E0600007,2012 [YR2012],0.8250200014510207,-3.994026830608019,"95,668",65.84526713988562,39.28486358583772,56.91
E0600007,2013 [YR2013],0.37633844774478725,-2.3281436969107805,"95,175",65.50613536485437,38.82823381821089,61.24
E0600007,2014 [YR2014],0.5786026331095881,-3.338109894994437,"96,306",66.28424601159794,38.81121054473965,63.14
E0600007,2015 [YR2015],0.8766288111486769,-4.929287306833474,"98,307",67.66136127180417,38.827297880118564,66.87
E0600007,2016 [YR2016],0.6010394838058213,-3.42755514350428,"97,554",67.14330882108132,39.49359493706463,69.45
E0600007,2017 [YR2017],1.0761315543179861,-5.486562447028573,"101,431",69.81170008071022,39.455754772390364,71.97
E0600007,2018 [YR2018],0.4317594936438702,-6.185083684884188,"97,409",67.04347254140296,39.06675982586894,74.17
E0600007,2019 [YR2019],1.2175796141455848,-4.426611066039836,"104,938",72.2256504640093,39.295604275394155,76.60
E0600007,2020 [YR2020],1.0987335932978302,-3.3911686483759063,"104,975",72.25120339043096,39.6404662341762,81.25
E0600007,2021 [YR2021],0.7544433733913086,-2.7181114079805266,"102,220",70.35487876607186,40.00491163404837,86.84
E0600009,2010 [YR2010],0.515105304144144,-5.781751186215637,"130,880",112.46739875333378,38.378755923170964,58.24
E0600009,2011 [YR2011],0.5618770730522662,-3.1047357693002446,"131,616",113.09932728158704,39.02953491615578,61.35
E0600009,2012 [YR2012],0.9920401109240702,-6.100944501043923,"133,490",114.7099105748889,38.48007891567086,64.31
E0600009,2013 [YR2013],0.613279896013889,-3.9004244355087296,"133,303",114.54933464294177,39.67659979087297,69.95
E0600009,2014 [YR2014],0.5137212310351943,-2.148826292979321,"133,590",114.7963441739026,38.89636290085999,75.88
E0600009,2015 [YR2015],1.0257264652737843,-3.8602207748331727,"137,732",118.35498670052596,39.62967746189521,70.38
E0600009,2016 [YR2016],1.1405536397804124,-3.726482594978381,"140,096",120.38672780810171,39.51387448135521,78.83
E0600009,2017 [YR2017],0.7592827126185049,-5.3696907994108,"137,997",118.58291466200548,39.40237424152791,76.82
E0600009,2018 [YR2018],0.7104701307737047,-6.480900889122985,"138,507",119.02101157555148,39.93662757862554,84.47
E0600009,2019 [YR2019],0.7682319037285504,-5.517134079466578,"140,212",120.48677952238417,39.68455379950711,89.48
E0600009,2020 [YR2020],0.6532732645966475,-3.9011148760126266,"139,686",120.0343868787516,39.76771934368776,87.72
E0600009,2021 [YR2021],-0.18756712312624224,-4.472878512142606,"128,205",110.16856844691912,39.98867436628751,93.76
E0600010,2010 [YR2010],0.4766189069792886,-2.4154302840134747,"83,543",115.19396801161355,39.862694459444306,
E0600010,2011 [YR2011],0.33222386768325773,-0.8767889506002424,"83,820",115.57666986747955,39.81664238730081,
E0600010,2012 [YR2012],0.2782589158949681,-1.8936032675723304,"84,008",115.83593490887972,39.794815071614615,
E0600010,2013 [YR2013],0.07324298566060827,-1.7863962172067493,"83,726",115.44726794991298,39.957158586456764,60.76
E0600010,2014 [YR2014],0.31255725075994395,-2.9660791915424927,"84,592",116.64092260982746,39.9257195425309,63.80
E0600010,2015 [YR2015],0.8234927594185129,-3.934707297140547,"87,040",120.0158015623064,40.25533018651166,69.20
E0600010,2016 [YR2016],0.42788971675679666,-1.5787293880991689,"85,711",118.18320417136091,39.60174454474353,71.54
E0600010,2017 [YR2017],0.9367903088477183,-3.8214288338376647,"89,177",122.96348738046261,40.05776430522392,74.36
E0600010,2018 [YR2018],-0.04162187117905619,-2.9115689464918395,"83,265",114.8109592342274,40.68414034946408,77.29
E0600010,2019 [YR2019],0.25117962333902466,-3.0606598370172824,"85,450",117.82437972160366,40.392948268811885,81.74
E0600010,2020 [YR2020],0.5054643193858875,-2.7350055142174194,"87,863",121.15085439152224,41.27319972976242,87.51
E0600010,2021 [YR2021],0.5022491696428077,-2.015916781770959,"88,276",121.72038859055816,40.58618209309278,88.46
E0600011,2010 [YR2010],0.27715579399218593,-1.5394332940806315,"99,288",122.80233168852904,39.311993921957466,
E0600011,2011 [YR2011],0.29875825758131125,-2.538952489972778,"99,584",123.16921379495092,40.3588368063104,
E0600011,2012 [YR2012],-0.3246067694788279,-4.020942496447272,"98,644",122.00637628775316,40.21514540611949,
E0600011,2013 [YR2013],0.12419100165618832,-0.5747032582714824,"99,658",123.26042847011897,40.29792766854335,68.31
E0600011,2014 [YR2014],0.34145823466456154,-0.5577292901065798,"100,651",124.48821674568514,39.55940214787909,67.02
E0600011,2015 [YR2015],0.6964253552315605,-3.184080421562863,"102,794",127.13844094744597,40.32566470470568,72.39
E0600011,2016 [YR2016],0.06038134357408072,-4.0857626426571665,"99,648",123.2479020050997,41.066079325148415,75.90
E0600011,2017 [YR2017],0.7586980107923587,-1.190617001388465,"104,682",129.47455939648066,40.304601969808346,79.41
E0600011,2018 [YR2018],-0.04560056040927518,-3.4711545665866526,"98,926",122.35505762354097,40.25658826033247,82.76
E0600011,2019 [YR2019],0.11057825275932678,-3.6815774230324467,"100,280",124.02988537164282,40.75134872188004,87.66
E0600011,2020 [YR2020],1.041585970607819,-3.61873494161909,"110,128",136.20973775559403,40.72927861984737,87.61
E0600011,2021 [YR2021],0.45108411558852424,-5.872291787597013,"104,327",129.0349991839293,40.73633938362667,90.83
E0600012,2010 [YR2010],0.1704578395029217,-3.008731705749771,"146,375",266.43206862639755,39.604371604721926,56.03
E0600012,2011 [YR2011],0.7924941925980975,-3.8440616799450242,"147,535",268.54352729748075,39.17262869863213,62.03
E0600012,2012 [YR2012],0.233797181236653,-2.573119902543939,"147,060",267.6793463066952,39.39329656747508,64.34
E0600012,2013 [YR2013],0.5793587362033402,-1.8335906178920407,"148,934",271.0897417354666,39.41912390125976,66.80
E0600012,2014 [YR2014],-0.34901249504933496,-3.963991051357331,"144,342",262.7319709268818,39.620818154303294,71.41
E0600012,2015 [YR2015],0.2100625848172969,-7.142273059804135,"147,919",269.2422204579854,39.948563964442705,73.08
E0600012,2016 [YR2016],1.1168436542048505,-5.029526976737266,"156,462",284.7918291977881,40.081335240089864,78.43
E0600012,2017 [YR2017],-0.446968096985468,-5.291561884849691,"141,856",258.2069538641479,39.74674313444732,82.61
E0600012,2018 [YR2018],0.4143242804036625,-3.5804078151318195,"151,298",275.3923408251595,40.71234188236912,85.25
E0600012,2019 [YR2019],0.07404579166416342,-3.8835765234479376,"147,353",268.21287217012514,39.68687603774422,86.50
E0600012,2020 [YR2020],0.5800732334256337,-5.018586783431081,"155,091",282.29681074941226,40.28642813005347,91.50
E0600012,2021 [YR2021],0.5940144263663933,-6.491760011357036,"156,228",284.36755011015885,40.73204570237492,90.02
E0600013,2010 [YR2010],0.14121331502588674,-0.9757966368677162,"125,706",172.16729756442362,40.32438994875244,
E0600013,2011 [YR2011],0.26928831741796455,1.0270564528881154,"126,044",172.63092398317886,40.181388986863475,
E0600013,2012 [YR2012],-0.3683918211883427,-0.7436692529265321,"124,781",170.901133604468,40.845234262008454,
E0600013,2013 [YR2013],-0.258793017537442,-0.2966599455509443,"124,732",170.83408295740458,41.15008627724875,64.75
E0600013,2014 [YR2014],0.5199741767303627,-3.217743579444306,"128,341",175.77622610886095,40.69721502712725,70.68
E0600013,2015 [YR2015],0.00853613483039005,-0.7616400770185969,"125,759",172.2407922738372,41.644789697816265,70.99
E0600013,2016 [YR2016],0.26059389593508064,-1.736805838408968,"127,684",174.876841038699,40.92947033537669,72.66
E0600013,2017 [YR2017],-0.12078420733875375,-2.5122363007625053,"124,647",170.71690522837773,41.66926494327726,80.96
E0600013,2018 [YR2018],0.008373173669552716,-0.33702129897837585,"125,790",172.2826583025379,40.313186209427506,82.04
E0600013,2019 [YR2019],0.21536519404896218,-3.3991467193770832,"128,163",175.53328617779954,41.725017861148736,85.30
E0600013,2020 [YR2020],0.8003001318786315,-0.5789054793286803,"136,136",186.45280220697416,40.843958024879726,91.08
E0600013,2021 [YR2021],-0.1548448704448317,-0.9018159260927563,"123,581",169.25738214532814,40.88811213194671,95.49
E0600014,2010 [YR2010],0.062377568413992224,-1.8152020681649144,"86,929",100.67261104531309,38.87414779813737,52.40
E0600014,2011 [YR2011],1.1777257957407161,-2.436640556596562,"87,952",101.85825835483946,39.4102003934916,53.95
E0600014,2012 [YR2012],1.7353290421324885,-2.2054838877866594,"89,972",104.19692937590538,39.791137285736994,57.64
E0600014,2013 [YR2013],0.572423146037189,-1.1349300485715494,"88,430",102.41134607572135,39.36709271503072,61.60
E0600014,2014 [YR2014],0.937850942674669,0.15887188221863724,"90,236",104.50270895670528,39.31258109582399,66.54
E0600014,2015 [YR2015],0.8468808566572995,-3.1758166465079625,"90,672",105.00831358754074,40.09358037059329,67.90
E0600014,2016 [YR2016],1.4891416698958004,-2.502966077557627,"94,991",110.00915020106078,39.163523495178964,68.37
E0600014,2017 [YR2017],0.6361765756084106,-2.0720225339742995,"90,875",105.24227603964172,39.336282177251256,75.13
E0600014,2018 [YR2018],0.9689340850287872,-0.9359914610195603,"93,900",108.74605341437405,39.491717496711516,77.11
E0600014,2019 [YR2019],0.2627224165083868,-3.7561357727621454,"89,006",103.07818608607558,40.40142629365931,79.73
E0600014,2020 [YR2020],1.2316647885931513,-4.023975358714783,"98,249",113.78240859826668,40.09095880349771,82.91
E0600014,2021 [YR2021],1.2608145243246216,-2.193497976294243,"99,774",115.54919217995077,39.99735604460015,86.86
E0600016,2010 [YR2010],0.1683978849191957,0.18595481785579993,"65,126",46.74416620493348,40.27191502650061,47.08
E0600016,2011 [YR2011],-0.7562992327688135,1.5158527208890513,"64,633",46.39064043456139,41.013112888735265,53.41
E0600016,2012 [YR2012],0.07758752604650834,0.9684619541908802,"65,227",46.81672962835873,41.0811804863556,55.74
E0600016,2013 [YR2013],-0.17472946965584255,-0.940122162454555,"64,785",46.49956658971242,40.77364054221628,59.03
E0600016,2014 [YR2014],0.03323625768383091,2.6031535344130052,"65,212",46.80634123945986,41.16372877321635,60.66
E0600016,2015 [YR2015],-0.8589290769130139,2.2833813605770334,"62,377",44.7708610254074,40.8134532911252,62.85
E0600016,2016 [YR2016],0.9049146623240686,0.7635148490950155,"68,743",49.340248693581174,40.81095507980219,68.89
E0600016,2017 [YR2017],0.12847448485536223,-0.8363319421914434,"65,714",47.16617021007514,41.02916378178531,74.50
E0600016,2018 [YR2018],-0.09289468448531013,0.3383168385621976,"64,643",46.397910793713066,41.82897033015797,72.10
E0600016,2019 [YR2019],0.07413194604836273,-0.41944504573728203,"65,562",47.05696383188162,41.27827158438399,78.37
E0600016,2020 [YR2020],0.42333444573397344,2.2276474614980293,"67,936",48.76113353252269,41.481871461159706,80.34
E0600016,2021 [YR2021],-0.23799062005373287,-0.9273749895250563,"63,441",45.53491031453219,41.88474226998834,84.24
E0600018,2010 [YR2010],-0.04815815666363014,0.3247232707346567,"143,814",161.53881897278518,40.57226319853743,56.53
E0600018,2011 [YR2011],-0.3533685160665466,1.7385558724222985,"143,306",160.96799164530964,40.96019213874119,63.64
E0600018,2012 [YR2012],-0.6437561136953823,-0.1434511649081236,"141,969",159.46568144950413,41.29972432395546,67.15
E0600018,2013 [YR2013],0.09489216447730903,-1.4050398766036596,"144,224",161.99911853019393,40.98282034853477,71.43
E0600018,2014 [YR2014],-0.4619477938262023,-2.4519538210537846,"141,175",158.57453832800869,41.37392227585008,72.74
E0600018,2015 [YR2015],0.1467604863326679,-0.17473648896343108,"144,873",162.72767919103651,41.18248631006403,76.80
E0600018,2016 [YR2016],-0.04915461235678377,-1.2054327431178393,"143,391",161.06298136689466,40.56375959020551,80.29
E0600018,2017 [YR2017],-0.1531726383404166,-1.8396156980676535,"142,279",159.81472479022725,41.78706335429715,83.19
E0600018,2018 [YR2018],-0.31175922289508184,-1.7224060470750293,"140,266",157.5536102025356,41.23933700604454,82.74
E0600018,2019 [YR2019],0.27947120492457567,-3.480187888536209,"147,472",165.6476274303738,41.489417099415554,84.43
E0600018,2020 [YR2020],-0.6505160942873162,-1.2387084916826467,"134,728",151.3327964702962,41.90489975054792,92.11
E0600018,2021 [YR2021],0.3023563226689844,-2.5118954241089773,"148,671",166.9934341056873,42.40887551139623,92.89
E0600019,2010 [YR2010],0.41790928686457973,1.7769790217544803,"64,278",29.765771144068413,40.29023918548919,
E0600019,2011 [YR2011],-0.41747573872641985,-0.2513700317306407,"64,010",29.641506271097096,41.30519257310383,
E0600019,2012 [YR2012],-0.38622302893737,0.47547293860000683,"63,783",29.536290629003943,41.02074478103437,
E0600019,2013 [YR2013],0.23189780612600547,0.617214830076802,"64,726",29.973330236569833,41.17085948959606,66.06
E0600019,2014 [YR2014],-0.219426153360936,0.5505143263210251,"63,716",29.505374234805295,41.63326486988854,68.79
E0600019,2015 [YR2015],-0.2925862985835923,-1.0719209368394427,"63,343",29.332859009947004,41.16373332874059,69.21
E0600019,2016 [YR2016],-0.25121241486458723,-2.0024517525977212,"63,315",29.319927522098737,40.65141232118068,72.65
E0600019,2017 [YR2017],-0.14303976703489962,-1.3668479372848878,"63,637",29.46900881109527,41.796957142823814,71.53
E0600019,2018 [YR2018],-0.5735264732077159,-2.4769721418270043,"61,387",28.42715692057231,41.469697414670684,83.22
E0600019,2019 [YR2019],-0.020612051417394632,-2.6483023440117277,"64,159",29.71059862397282,41.059965871946886,82.11
E0600019,2020 [YR2020],-0.22048778565553404,-1.2527558332291016,"62,875",29.115945872635766,41.989110777308916,84.95
E0600019,2021 [YR2021],0.04534990822977286,-1.6509924869607044,"64,599",29.91459454331544,41.87099995251766,88.26
E0600020,2010 [YR2010],0.7117904072270506,0.8543742442793247,"148,643",238.0551488371227,40.147345715027015,56.93
E0600020,2011 [YR2011],-0.08508590369098834,-3.26859204302413,"148,516",237.8525974624517,40.044299315899046,56.19
E0600020,2012 [YR2012],0.4745872843233227,-0.28517940006693965,"150,057",240.32006955892538,39.962848648834516,58.94
E0600020,2013 [YR2013],0.0715306836204058,-2.7233197101922597,"148,962",238.56636176297647,40.16486857008163,62.42
E0600020,2014 [YR2014],-0.28112845902572925,0.9709460749362842,"146,978",235.3894531664742,39.674882685780176,64.66
E0600020,2015 [YR2015],-0.024494454473782012,-1.223291532718473,"148,461",237.7637400797936,40.321514961304736,68.35
E0600020,2016 [YR2016],0.42149992087626076,-2.869511736642117,"152,442",244.13936017956257,41.054394491895344,72.13
E0600020,2017 [YR2017],0.37418054810782575,1.1444680520771244,"152,580",244.36087315827217,40.14059649390557,75.17
E0600020,2018 [YR2018],0.3367289988774904,-1.5822935659594817,"152,694",244.5440439466621,40.91273762165105,75.13
E0600020,2019 [YR2019],0.10044090105300008,-1.8522260937580084,"149,992",240.2157574806973,40.36418813588714,82.28
E0600020,2020 [YR2020],0.043229814978196085,-3.4667569466183643,"149,286",239.08626111729745,40.715224208902455,85.40
E0600020,2021 [YR2021],0.43588060699778863,-2.6970537835681685,"155,927",249.72118575395447,41.16652393970666,89.61
E0600021,2010 [YR2010],0.8252182725613646,-0.41449056849694554,"128,707",215.9335940988351,39.16357992279895,55.58
E0600021,2011 [YR2011],0.55645018775801,-1.9964598120937636,"129,423",217.13515698863068,38.93406154456601,57.48
E0600021,2012 [YR2012],0.6350512593423022,-1.6017196365281814,"130,347",218.6848805042894,39.14630452493082,62.95
E0600021,2013 [YR2013],0.511885463987038,-3.2737092948295405,"130,693",219.26659521362953,39.23667629211545,60.72
E0600021,2014 [YR2014],0.7388080577594037,-1.9010158159130395,"132,553",222.3860010019311,39.26922017341401,67.66
E0600021,2015 [YR2015],0.784849323763472,-4.361640587635408,"133,837",224.54142151811104,39.54322226563665,71.52
E0600021,2016 [YR2016],0.9197911938868235,-2.4532020232001917,"135,975",228.12783193651933,39.1749721441428,73.78
E0600021,2017 [YR2017],0.7852623662850787,-2.2497488774780603,"135,950",228.08641986225973,39.128929177338804,NA
E0600021,2018 [YR2018],0.615795345159569,-3.875172862794564,"135,186",226.80338381818743,40.0066740667685,77.39
E0600021,2019 [YR2019],0.7382653505845941,-4.733585585098495,"137,515",230.71212971336533,39.86190992133953,81.13
E0600021,2020 [YR2020],0.1413778640257205,-3.4955891488551356,"130,538",219.00591260547642,39.83426201258804,83.25
E0600021,2021 [YR2021],0.7759003797709494,-3.973692108848643,"140,128",235.09520470815318,40.734964451973454,88.67
E0600022,2010 [YR2010],1.0298314589700508,-3.0248703068445217,"103,670",112.48626376270082,37.74983244600947,55.73
E0600022,2011 [YR2011],0.46980803600640464,-4.23971095737034,"104,157",113.01473326926134,39.01199123010915,NA
E0600022,2012 [YR2012],1.1959172001956773,-2.3512621469913033,"106,164",115.19283690244511,38.476614966698705,61.35
E0600022,2013 [YR2013],0.8343979208844614,-3.8854361353324607,"106,286",115.32557279933685,39.06883527305498,63.61
E0600022,2014 [YR2014],1.132401910466618,-3.996933613356564,"108,446",117.66865236716221,38.62359240390602,NA
E0600022,2015 [YR2015],1.1746172802189623,-3.1015165379370133,"109,903",119.24971315819312,39.59093556496298,71.66
E0600022,2016 [YR2016],1.4618279314495388,-3.3256102706569006,"113,101",122.72006752960887,39.15803299320458,74.63
E0600022,2017 [YR2017],1.0288809836665498,-3.177778243132954,"111,371",120.84210746285011,38.941267841052145,78.40
E0600022,2018 [YR2018],1.0602613238415906,-3.720277013892221,"112,796",122.3891242434474,39.24301112258322,79.30
E0600022,2019 [YR2019],0.06973045555829938,-4.792877857504991,"104,322",113.19417063298353,39.23435583804494,81.82
E0600022,2020 [YR2020],0.6284573304345002,-5.382644945977995,"110,372",119.75885646852286,39.98709080745239,83.83
E0600022,2021 [YR2021],1.0564400626961759,-5.27757494277131,"116,374",126.27094739536861,39.31003670258614,91.82
E0600023,2010 [YR2010],0.3199595265234688,-2.449878641116845,"133,353",159.69902915125382,39.03362639746604,50.16
E0600023,2011 [YR2011],0.506509359105709,-1.6017039850726533,"134,029",160.50791968030586,39.82719244401163,NA
E0600023,2012 [YR2012],-0.32799102362232263,-0.9340173928823448,"132,480",158.6531502023953,39.8044477151044,53.34
E0600023,2013 [YR2013],0.6124365530855632,-2.41485666915343,"135,819",162.65120142754432,39.67454932546747,56.98
E0600023,2014 [YR2014],0.13481434250712854,-2.1710957298501548,"134,074",160.56196101054255,39.49582552057907,62.87
E0600023,2015 [YR2015],0.4187568381785402,-2.4900557861312524,"136,169",163.0709040815608,39.92373080100597,64.19
E0600023,2016 [YR2016],0.29732896504447576,-1.3147128353604782,"135,750",162.5692792890086,39.78764453957263,71.75
E0600023,2017 [YR2017],0.48290511166915445,-1.5452916582846083,"137,927",165.176231985882,39.63518427691876,74.27
E0600023,2018 [YR2018],1.053609341621663,-2.909221724404186,"145,017",173.66684514219594,40.69649886421152,73.48
E0600023,2019 [YR2019],0.3222738594991419,-2.901232362995927,"137,271",164.39120544456603,40.75010021545429,76.11
E0600023,2020 [YR2020],0.6662035427736709,-4.032083082003355,"142,509",170.6629224558426,40.2869014240278,83.70
E0600023,2021 [YR2021],0.34369188262881367,-3.8275729858858014,"138,482",165.8414585987544,41.107839732945,85.89
E0600024,2010 [YR2010],0.7082141821808834,-3.128561187092715,"135,500",162.21358632063502,39.75627200583737,58.11
E0600024,2011 [YR2011],0.20595258604040195,-1.6835784110089813,"135,779",162.54766939657122,38.95177449960156,61.34
E0600024,2012 [YR2012],0.4541803749017747,-1.7215556214419954,"136,733",163.6904170084447,39.59960060266536,63.34
E0600024,2013 [YR2013],1.0649114323355524,-1.1371527182262486,"139,875",167.45126212561362,39.83365429165022,65.03
E0600024,2014 [YR2014],1.0646578009540142,-4.474820967174451,"141,363",169.23277093017637,38.92463297471667,69.44
E0600024,2015 [YR2015],1.2500123424186143,-3.1308208687957113,"144,183",172.60868748470367,39.31036551435049,71.25
E0600024,2016 [YR2016],0.6071145697933145,-4.132006344017855,"140,511",168.21293451892126,40.16771385537967,73.99
E0600024,2017 [YR2017],0.3420240644298675,-2.4950210883680244,"138,777",166.1373299847566,40.298178942953726,76.16
E0600024,2018 [YR2018],0.42918990549818403,-6.073257987046486,"140,223",167.86760813833618,39.935631150157754,81.94
E0600024,2019 [YR2019],0.4596779931238978,-4.0226501533489865,"141,210",169.04925530681626,39.91570375863202,86.37
E0600024,2020 [YR2020],0.1181558933002047,-5.524393798129061,"137,109",164.14045846891804,40.51848708555194,90.04
E0600024,2021 [YR2021],1.0416922618905584,-3.111137874853809,"151,861",181.80002963990023,40.871285655668174,93.42
E0600025,2010 [YR2010],0.44187229673265227,-2.4824317008720698,"157,941",296.5820904720878,39.90137496852078,52.64
E0600025,2011 [YR2011],0.1810008616857512,-2.3375081054460503,"158,226",297.1189066114479,39.32942536796836,55.08
E0600025,2012 [YR2012],0.5792562982788355,-1.391254456699867,"159,776",300.02798280130935,39.95051762494637,59.86
E0600025,2013 [YR2013],0.9162557638215268,-0.2652051552848662,"162,322",304.8093664944496,39.84373904425866,60.29
E0600025,2014 [YR2014],0.3016996168723266,-3.00903683905314,"159,855",300.17746861194274,40.14229061361402,62.98
E0600025,2015 [YR2015],-0.2004488931972862,-1.8841509865322332,"156,364",293.6215056173234,40.39032071074996,69.68
E0600025,2016 [YR2016],0.33197008845770093,0.7598386670120569,"161,113",302.5387178488262,40.51934942943446,71.23
E0600025,2017 [YR2017],0.10795948132746591,-2.7120811685053656,"159,138",298.8306821042707,39.92555190867104,74.46
E0600025,2018 [YR2018],0.29325709859041604,-1.9019983743784126,"161,684",303.6119118878693,39.418557767889816,75.60
E0600025,2019 [YR2019],0.8129346226685221,-0.9283659432944598,"169,879",319.0004058026113,40.15625631580388,81.64
E0600025,2020 [YR2020],0.5732276682589266,-2.744514641007869,"167,231",314.02831033029963,40.59843650877089,83.82
E0600025,2021 [YR2021],0.8166333020925831,-1.7694325028420648,"172,722",324.338882752801,41.179543976719025,85.35
E0600026,2010 [YR2010],-0.07538176789423418,1.3528834097839364,"114,727",280.9689119147488,41.20030844411038,56.25
E0600026,2011 [YR2011],-0.3733396839113453,3.763453455117312,"114,299",279.9199434671171,41.12560625406165,56.47
E0600026,2012 [YR2012],-0.07458694569212179,0.3319710656123843,"114,556",280.54993596424094,41.726310829587604,65.04
E0600026,2013 [YR2013],-0.5474539531000664,2.9301920656807434,"112,853",276.3796019753055,41.26085837287611,63.48
E0600026,2014 [YR2014],-0.4858775173834377,-0.25971484631626574,"112,513",275.5479222347035,41.566299773381736,67.74
E0600026,2015 [YR2015],0.06743295672087896,0.9776782087025864,"115,114",281.9175186232934,41.89354869061319,71.68
E0600026,2016 [YR2016],0.35313740412818373,-1.0903598660267755,"117,179",286.9749557457088,42.00207143129095,75.09
E0600026,2017 [YR2017],0.06825381657035007,-2.0563221972939525,"115,276",282.3140678100142,41.825755413337724,78.75
E0600026,2018 [YR2018],-0.017232047878556644,0.9284310766012799,"114,569",280.5818118641322,41.586245057091546,79.08
E0600026,2019 [YR2019],-0.5222337355906668,-0.9186335796863064,"109,446",268.03560781255896,41.9834946301966,84.92
E0600026,2020 [YR2020],-0.2303516678569162,-0.06895506855202965,"112,111",274.563425051329,41.93334401171367,89.13
E0600026,2021 [YR2021],-0.44518703335222265,0.1559027327060477,"109,232",267.51191993950823,42.09390551085426,88.06
E0600027,2010 [YR2010],0.6666519231574836,-2.843621872809267,"115,352",153.0219110659757,39.50213433030743,53.94
E0600027,2011 [YR2011],1.2857498627720367,0.19177228528428625,"116,835",154.98939007751764,39.41272170334061,57.07
E0600027,2012 [YR2012],-0.42020834316500794,-3.8894644555243847,"114,384",151.7385913768214,39.505853813362194,60.15
E0600027,2013 [YR2013],0.9695373457848502,-3.4533129213062965,"118,739",157.51601655151174,39.91725643460194,61.17
E0600027,2014 [YR2014],0.798951448648622,-3.313729234975484,"119,083",157.97111343005747,39.9522398106032,NA
E0600027,2015 [YR2015],0.7596730662267207,-2.3868859349739457,"119,800",158.92322512953027,39.936517760905446,70.05
E0600027,2016 [YR2016],0.06011013050164038,-2.214649005666045,"115,768",153.57463110813617,39.63275054476559,71.08
E0600027,2017 [YR2017],0.139061791722302,-2.8488395653992797,"116,479",154.51770481521598,39.7747684797708,74.57
E0600027,2018 [YR2018],-0.2671546078769485,-4.183306345784925,"112,909",149.78188749260033,40.173517440114395,78.83
E0600027,2019 [YR2019],0.1337618595494029,-3.492783097705948,"116,748",154.87396292911347,40.453481142990384,83.54
E0600027,2020 [YR2020],0.2731078490421442,-3.337769511498876,"118,541",157.25279653662255,40.718207519799066,88.65
E0600027,2021 [YR2021],1.02003142380711,-3.235488628435971,"128,975",171.0945254195378,40.83298564712125,86.37
E0600028,2010 [YR2010],0.04110843249018742,-1.9108965427539764,"123,689",206.92100357831922,39.90347707542235,61.71
E0600028,2011 [YR2011],0.39441278874119967,-1.3663897274387282,"124,177",207.73712647902374,40.10643618794421,63.74
E0600028,2012 [YR2012],0.27540815447068323,-2.925933465598446,"124,371",208.06232770125573,39.73989192513535,65.71
E0600028,2013 [YR2013],0.0928350277532625,-3.4475457901994004,"124,034",207.4978242519874,40.0866616250119,69.30
E0600028,2014 [YR2014],-0.023178065877553333,-1.914780917290127,"123,574",206.729229119519,40.963605756336456,73.70
E0600028,2015 [YR2015],0.6036445977497042,-2.4076418371962696,"127,467",213.24219667837588,40.490302766431824,75.59
E0600028,2016 [YR2016],0.1564544797769641,-3.250339202133441,"124,855",208.87104004379975,40.18314438615024,79.48
E0600028,2017 [YR2017],0.3842873129295457,-3.0204420553375075,"127,055",212.5517848920731,40.47237758972467,77.12
E0600028,2018 [YR2018],0.26506333097956236,-4.498221848493742,"126,336",211.3497000529166,40.54306253147543,86.86
E0600028,2019 [YR2019],0.15493983863734231,-4.857207937429046,"125,424",209.82437870855813,40.4874533019098,88.36
E0600028,2020 [YR2020],0.3200245688738756,-3.6093971102703293,"127,705",213.63916632411815,41.07451126300191,90.79
E0600028,2021 [YR2021],0.3825104469790159,-5.773158562421071,"128,994",215.7958832954688,41.87909336938531,93.04
E0600029,2010 [YR2010],0.5155193543527272,-1.4617928378433351,"101,312",104.63671123301833,39.43207657270837,
E0600029,2011 [YR2011],0.9886319286132689,-3.5200361295917055,"102,314",105.67118316931882,38.86877649016047,
E0600029,2012 [YR2012],1.156508726546024,-1.8390572160423635,"103,669",107.0709719164183,38.83772867188966,
E0600029,2013 [YR2013],0.8463514594015636,-3.143352321375669,"103,906",107.31604338854233,39.2069408590368,65.92
E0600029,2014 [YR2014],0.633112143991286,-3.852783798186549,"103,902",107.31185350146346,39.81495062567189,68.87
E0600029,2015 [YR2015],1.4881546497452458,-3.668979146172365,"109,078",112.65769477766385,38.98571817095632,70.02
E0600029,2016 [YR2016],1.0450054041407726,-3.773386651623411,"107,833",111.37127457565722,39.32996327274631,73.43
E0600029,2017 [YR2017],0.6777128236691385,-5.225192222253546,"106,217",109.70273789739278,39.07743023779668,78.77
E0600029,2018 [YR2018],0.7682073252593801,-3.862809452217564,"107,708",111.24291002521775,39.634259291730444,80.77
E0600029,2019 [YR2019],0.8849294785393237,-5.761999100484745,"109,672",113.27152144211706,39.790541189704626,80.22
E0600029,2020 [YR2020],0.6289808612281567,-5.53132996796002,"107,868",111.40760148159453,40.271872748475566,88.66
E0600029,2021 [YR2021],0.9964660340806303,-4.983022866197697,"112,987",116.69494278066313,40.08913480249722,90.36
E0600030,2010 [YR2010],0.32235009198056863,-2.2751712129878796,"189,923",943.2521177647342,39.60158719598477,57.28
E0600030,2011 [YR2011],0.21840401339402893,-0.4492860957759226,"190,338",945.3122182463566,39.86366935367533,63.97
E0600030,2012 [YR2012],-0.21976192008079942,-1.9234789012085498,"189,089",939.1108552988726,40.318129626581836,62.18
E0600030,2013 [YR2013],0.6883892212030949,-1.236376013821299,"193,872",962.8662596036758,39.45734853836995,66.28
E0600030,2014 [YR2014],0.3964944933198619,-2.984865836584634,"192,953",958.3010959987569,39.631469591573364,66.64
E0600030,2015 [YR2015],-0.03956920822972532,-1.9666359716086654,"189,547",941.3874070782341,39.93234671023425,NA
E0600030,2016 [YR2016],0.19383886513737386,-4.311799712610565,"192,142",954.2757524985244,40.0607215820233,76.11
E0600030,2017 [YR2017],0.5108586453926919,-0.3936019005475906,"196,819",977.5042867789092,40.189963710163,79.03
E0600030,2018 [YR2018],0.7925615423079215,-2.0812638278049653,"202,304",1004.7445264545281,40.37847200985448,80.04
E0600030,2019 [YR2019],0.3387746077006133,-1.9836617293846421,"195,793",972.4044214273445,40.117090993524556,86.62
E0600030,2020 [YR2020],0.4963635624696375,-5.144934829993214,"199,563",991.131458599731,40.440284762672675,87.71
E0600030,2021 [YR2021],0.6098303163276779,-3.6791886388156763,"203,059",1008.491798960384,40.752832873046096,90.17
E0600031,2010 [YR2010],0.16437042461705886,0.6272924082146778,"113,123",143.34457260093671,40.290960277695866,53.36
E0600031,2011 [YR2011],0.24169257421543994,-0.9522091695388657,"113,396",143.69102578845406,40.36065179095386,60.42
E0600031,2012 [YR2012],-0.08259787043933121,1.166830926872159,"112,936",143.10787126773803,40.686424820771414,61.92
E0600031,2013 [YR2013],-0.14887491682665432,0.08859966132472796,"112,618",142.7053129038361,40.74737679955865,66.69
E0600031,2014 [YR2014],-0.14339331518869586,-1.084446039778629,"112,475",142.52415321175374,41.31543196633318,70.04
E0600031,2015 [YR2015],-0.3434043874785418,-1.754173518670572,"111,194",140.90016102763565,41.011806740688755,69.52
E0600031,2016 [YR2016],-0.3597634568813299,-1.3320080279906532,"110,703",140.27806070577049,41.12973822520426,72.90
E0600031,2017 [YR2017],-0.17987135196710463,-3.6799597968545896,"111,706",141.54943193994043,40.702433235357645,79.30
E0600031,2018 [YR2018],-0.05145098877025653,-0.7561020407359815,"112,658",142.75561640330943,40.681579171372526,82.72
E0600031,2019 [YR2019],-0.13626403066175485,-0.3416632211895432,"111,743",141.59618014714434,41.645650011596835,84.64
E0600031,2020 [YR2020],-0.21999210900680832,-2.1457364342859724,"110,659",140.22214088808778,41.358780676192254,86.89
E0600031,2021 [YR2021],0.3651185704645385,-4.239728667405123,"117,750",149.20798868680774,41.424220326598494,90.58
E0600032,2010 [YR2010],0.6062969737103172,-5.44029635895626,"118,100",227.5612443912753,38.83782757513207,
E0600032,2011 [YR2011],0.7356546604179248,-3.847675855915713,"118,969",229.2353092909447,39.012069874898074,
E0600032,2012 [YR2012],0.344888938440434,-5.209281914401303,"118,916",229.13361831557498,39.28353611281534,
E0600032,2013 [YR2013],0.475963827124109,-6.698734423244292,"119,794",230.82606217588162,39.48750675855762,64.81
E0600032,2014 [YR2014],0.5265764861744471,-5.545691059418148,"120,607",232.39237278092995,39.20611306403192,73.50
E0600032,2015 [YR2015],0.7090925670625859,-7.029543440483285,"122,347",235.74457855284658,38.88909656476266,74.57
E0600032,2016 [YR2016],0.26941782288318017,-5.911377599072097,"120,022",231.26465350523475,38.52868716749899,79.05
E0600032,2017 [YR2017],1.1921415981977996,-4.900300654935844,"128,315",247.24402833767886,39.465052337113804,82.19
E0600032,2018 [YR2018],1.0431332006009617,-5.848674156290553,"128,323",247.2593577039703,39.95338252743886,84.87
E0600032,2019 [YR2019],0.45116729440237174,-6.333178461647421,"122,983",236.96990287559973,39.354896615453484,86.30
E0600032,2020 [YR2020],0.32450350518133986,-6.0220329483391355,"121,989",235.0544574574952,39.93408253317783,90.05
E0600032,2021 [YR2021],0.7631926695632371,-6.3158926461640945,"128,402",247.41123418644972,39.08830437691956,92.74
E0600033,2010 [YR2010],-0.7232869537577447,-1.5467614693037217,"105,818",162.14987671535377,40.41309705866307,59.04
E0600033,2011 [YR2011],-0.24335330710746017,-2.094260336647196,"105,560",161.75527962789627,41.239207619173634,61.85
E0600033,2012 [YR2012],-0.12271760565459783,-2.8985006517971366,"105,558",161.75214801420228,40.49950927059993,65.84
E0600033,2013 [YR2013],-0.46943107994905225,-4.232719691930242,"104,334",159.8770338628103,41.115836542940116,65.35
E0600033,2014 [YR2014],-0.1987819810045581,0.20070930645667806,"104,979",160.8644170157756,41.16466675763122,71.26
E0600033,2015 [YR2015],-0.15191939246568803,-1.9173530767894487,"105,016",160.9219278347569,42.19266620721358,72.54
E0600033,2016 [YR2016],0.19557480602202792,-1.4545165689926156,"107,065",164.0619500804871,41.73336649947448,75.89
E0600033,2017 [YR2017],-0.2113210962773439,-2.5473372603952087,"104,262",159.76643122468658,41.21797489234389,83.80
E0600033,2018 [YR2018],-0.5941829699553953,-0.6878312612789477,"100,891",154.60054348435173,41.62141575935697,82.67
E0600033,2019 [YR2019],-0.40075595121245283,-2.2326830600318646,"102,062",156.39432945293302,42.41573756471052,82.84
E0600033,2020 [YR2020],-0.6436447986488044,-2.097287885163479,"99,201",152.01034232173419,42.17770120961531,88.21
E0600033,2021 [YR2021],-0.31514703870769967,-3.42333874469049,"102,207",156.6165025753515,42.213901838986395,92.67
E0600035,2010 [YR2010],1.6236890188517024,-4.10469941796168,"129,606",186.0853798637854,38.544719121902915,
E0600035,2011 [YR2011],1.1521891856988045,-4.513510044731556,"131,100",188.2294354867425,38.94635551652277,
E0600035,2012 [YR2012],0.8235882256097418,-3.5758096840879103,"131,750",189.16315654607516,39.13168896383197,
E0600035,2013 [YR2013],0.7846003502149901,-4.89223233300279,"132,681",190.49991548910327,39.25455696266366,65.86
E0600035,2014 [YR2014],0.4713378765687806,-4.3935014008824895,"132,067",189.61862577855953,38.907404397343505,64.69
E0600035,2015 [YR2015],1.0226734598337348,-5.433025617791866,"136,370",195.7972287882038,38.74224935710321,67.83
E0600035,2016 [YR2016],0.4989844242886996,-2.0098881371065995,"133,535",191.72656518015305,38.92640137222977,74.31
E0600035,2017 [YR2017],0.4842328936007647,-4.493408092028681,"134,064",192.48535981404748,39.14021348051571,74.16
E0600035,2018 [YR2018],1.1068647601549748,-1.4193185307386016,"141,537",203.21576723064396,39.620911915434526,81.17
E0600035,2019 [YR2019],1.1023467183023021,-5.756278632944135,"143,046",205.38247335290092,39.60238558752927,83.13
E0600035,2020 [YR2020],1.2947934550211246,-6.567067782813742,"147,400",211.63304741978678,39.87122693377455,85.72
E0600035,2021 [YR2021],0.9509616445437192,-5.690509556373002,"143,827",206.5034524884151,40.03808097960673,86.77
E0600037,2010 [YR2010],0.33990367308805375,-1.9772975233610346,"48,239",12.454686776997136,40.07335400458598,54.54
E0600037,2011 [YR2011],0.42572349516050345,-1.1057931588094245,"48,444",12.50770930485546,39.955535767642644,60.43
E0600037,2012 [YR2012],-0.06427954516945808,1.1622186709361313,"48,177",12.438680291074188,39.50840563430201,61.41
E0600037,2013 [YR2013],0.27870912766384903,-1.3575758270479956,"48,643",12.5591143327009,40.395630356278744,62.29
E0600037,2014 [YR2014],1.0106091714894103,-2.965635821118012,"50,218",12.965843369398387,40.40766645087829,68.44
E0600037,2015 [YR2015],0.3945551144125749,-3.0288448466403772,"49,198",12.702336327965646,40.66402116719977,70.25
E0600037,2016 [YR2016],0.08335052068225962,-2.091844451137684,"48,480",12.517102988837724,40.904230359386425,72.09
E0600037,2017 [YR2017],0.028991771322436938,-1.5014048571299659,"48,337",12.4799846115292,39.94306130964572,75.74
E0600037,2018 [YR2018],0.07871063189420374,-1.4877831351501827,"48,543",12.533328470419958,40.23493291054841,79.38
E0600037,2019 [YR2019],0.35738188169578744,-2.5310328474057613,"49,813",12.861058580038513,40.76089885490277,81.45
E0600037,2020 [YR2020],0.06606779083155354,-3.1645571256986034,"48,558",12.537217211137504,41.407005232579884,83.89
E0600037,2021 [YR2021],-0.1701033228748239,-2.3303669739466324,"47,344",12.223614579513525,41.48921261961857,90.25
E0600038,2010 [YR2010],0.266827605991181,-3.4135809896095086,"160,761",214.54071245332207,39.35244190376218,55.38
E0600038,2011 [YR2011],-0.14661790454637025,-3.1819065455588476,"160,526",214.22615735632414,39.19710575107664,56.05
E0600038,2012 [YR2012],0.6208251635469726,-1.581888569826046,"162,764",217.21282682270885,39.24313507413496,61.20
E0600038,2013 [YR2013],0.35334201917740204,-1.9348923874452302,"162,472",216.82294503367382,39.11207979759332,62.78
E0600038,2014 [YR2014],1.0915573005692631,-4.448023528247671,"167,896",224.06254566595328,39.92164780706417,67.40
E0600038,2015 [YR2015],0.5277905774547794,-3.4126451516814575,"165,049",220.26242011783506,39.59080623536267,72.17
E0600038,2016 [YR2016],1.1079067552967008,-5.83285185020293,"171,748",229.20307191581358,40.22712029060252,76.61
E0600038,2017 [YR2017],0.8869557364075676,-2.9919809949565956,"171,012",228.220598674665,39.38719907003417,76.08
E0600038,2018 [YR2018],1.411851852918013,-2.996588287375441,"179,842",240.00452231534058,40.37465348156873,80.37
E0600038,2019 [YR2019],0.47302290776327804,-0.2742639549370729,"167,736",223.84888693331808,39.70381482165593,81.62
E0600038,2020 [YR2020],0.6933787502796022,-5.4869601990393315,"172,263",229.88935212157685,39.74756786276903,87.62
E0600038,2021 [YR2021],0.9698739802962321,-3.3939367854885796,"178,769",238.57211183012882,39.97116775529214,88.77
E0600040,2010 [YR2010],0.28546458703725,-2.363689830599264,"77,700",88.36572835763728,38.6568521520146,54.92
E0600040,2011 [YR2011],1.178598060018485,-2.2594966486904933,"78,616",89.40720511778159,38.36377500401925,54.78
E0600040,2012 [YR2012],0.9542129220553803,-3.83737919540883,"79,190",90.06016865157912,39.29335247762028,59.06
E0600040,2013 [YR2013],1.242142135900479,-2.911129720616756,"80,632",91.6996838470292,38.76137891832067,60.50
E0600040,2014 [YR2014],1.0094255825650005,-2.8245826664048077,"80,885",91.98806152583856,39.00906152637561,66.16
E0600040,2015 [YR2015],0.8065712694321816,-2.5381656123531835,"80,885",91.9873437506224,38.57903092531567,71.27
E0600040,2016 [YR2016],1.2783939763127032,-5.20580770907382,"83,854",95.36405221885374,38.986511462626865,72.02
E0600040,2017 [YR2017],1.2740215217575526,-2.826507236242226,"84,900",96.55399604919903,39.756516352564255,75.75
E0600040,2018 [YR2018],0.983678759806619,-2.745288721483009,"84,029",95.5637894699943,39.58509150315229,77.40
E0600040,2019 [YR2019],-0.05458078705538738,-3.6980389177215516,"77,319",87.932598450711,39.228664292880204,83.38
E0600040,2020 [YR2020],0.3301436069559561,-2.8711692733978755,"80,304",91.32679149214492,39.44193054184403,84.28
E0600040,2021 [YR2021],0.366289963880006,-4.410414554770682,"80,889",91.99208027305995,39.65527125952432,86.73
E0600041,2010 [YR2010],0.4762266363348511,-2.727270627394983,"112,233",225.30230874472838,38.86887535998932,53.13
E0600041,2011 [YR2011],0.9068212477240423,-1.690162415196106,"113,251",227.34539795203838,39.08303638784824,58.64
E0600041,2012 [YR2012],0.5840775685375028,-2.4706165291598996,"113,548",227.94187535007532,38.96278089481117,59.06
E0600041,2013 [YR2013],0.3614865995665778,-2.2314807713518547,"113,454",227.7544646000227,38.613299716352664,63.93
E0600041,2014 [YR2014],0.32435626636688564,-4.436960334275968,"113,696",228.239690176065,39.03119687910849,65.03
E0600041,2015 [YR2015],1.416481780939813,-4.715913061721114,"120,410",241.71763942493047,39.69399373747685,67.84
E0600041,2016 [YR2016],0.7334031173481169,-3.1012586611276856,"117,263",235.40011949768754,39.684965295863485,71.34
E0600041,2017 [YR2017],0.26867314618019067,-3.923340876439663,"114,361",229.57390306218403,39.548235312227426,78.40
E0600041,2018 [YR2018],1.2173625881509405,-6.1262727050220125,"123,640",248.2022853981393,39.60496908078427,81.90
E0600041,2019 [YR2019],0.6181176051785011,-6.378171585379644,"118,633",238.15041105540158,39.252738214767675,80.04
E0600041,2020 [YR2020],1.0317465491219493,-3.0405932837179845,"124,365",249.65728868597864,39.779578205825565,84.35
E0600041,2021 [YR2021],1.1209330215846092,-4.03713432624388,"126,874",254.6932241773643,39.87057709533006,90.27
E0600042,2010 [YR2010],1.036741837021396,-3.0469234229439115,"86,213",83.68632352892814,38.618946109959914,56.17
E0600042,2011 [YR2011],1.461780404193248,-3.482544364412325,"87,473",84.90963380726377,39.09915438850851,59.48
E0600042,2012 [YR2012],1.3124807351039534,-3.525046081250256,"88,491",85.89747313102112,38.2738469218945,62.39
E0600042,2013 [YR2013],0.9266753775281212,-3.482944426882556,"88,632",86.0344509048512,38.567130554512275,67.24
E0600042,2014 [YR2014],1.2474753995823902,-2.958515745621048,"90,596",87.9409799334968,38.88596278977445,68.18
E0600042,2015 [YR2015],1.347991320139552,-5.322351803371716,"92,182",89.48087388358034,38.553548164532,71.12
E0600042,2016 [YR2016],1.4012434270420755,-4.119456519977456,"93,720",90.97334682414873,38.23005196590472,77.62
E0600042,2017 [YR2017],0.8465803383103621,-5.349254270302774,"91,453",88.77337300960755,38.640767148478865,79.57
E0600042,2018 [YR2018],0.7998580596330443,-6.096244420122661,"91,886",89.19363294721653,38.88914812719432,81.11
E0600042,2019 [YR2019],1.4995391610880393,-4.940154440327608,"98,571",95.68219349209632,38.88072201355149,86.32
E0600042,2020 [YR2020],0.4300376689537442,-5.619725185340236,"89,993",87.35559877317374,38.66094551155072,86.85
E0600042,2021 [YR2021],1.5081299627240408,-4.794713881157348,"101,644",98.66510593422305,39.3873035230498,92.19
E0600043,2010 [YR2010],0.6854111921703855,-2.169936663315852,"158,197",320.8883086365521,39.341495665153104,57.09
E0600043,2011 [YR2011],-0.3029622112373702,-2.8352182698688466,"157,717",319.9161383211046,40.35415556419104,61.80
E0600043,2012 [YR2012],0.33131444028559437,-2.2540269736853302,"159,247",323.01812961111926,40.62018142412799,71.51
E0600043,2013 [YR2013],-0.13273536759045565,-3.7043064258275327,"157,568",319.612207146362,40.17868661936554,69.31
E0600043,2014 [YR2014],-0.14339609538144857,-0.9844743423778137,"157,291",319.0516985807647,40.31933810895267,73.86
E0600043,2015 [YR2015],-0.27953488775526036,-4.476670173996466,"155,998",316.4283389100055,40.37277776951613,72.20
E0600043,2016 [YR2016],0.6865428529486395,-4.594147853994875,"164,826",334.33548238246897,40.56718084015546,77.36
E0600043,2017 [YR2017],-0.3958933388506405,-3.4157361393991112,"153,864",312.1006024045468,40.47569947102013,84.17
E0600043,2018 [YR2018],0.34120911445455376,-4.985376797311084,"162,567",329.7528319601564,41.09234476475675,82.29
E0600043,2019 [YR2019],-0.06177571056829467,-2.405624899261693,"157,319",319.1086315033925,41.073099335458004,86.05
E0600043,2020 [YR2020],0.08207822990627585,-6.142422622519227,"159,500",323.53185236968477,41.48878658284417,89.45
E0600043,2021 [YR2021],0.3974462636718532,-5.812906532017642,"165,252",335.19939140441824,41.03735778089434,91.97
E0600044,2010 [YR2010],-0.6250094427760433,-1.8153297928388736,"126,306",101.50300586758047,40.2008462296006,53.53
E0600044,2011 [YR2011],-0.02710178418758713,-0.3763161105041066,"126,272",101.47549674198632,39.663924611547266,57.51
E0600044,2012 [YR2012],-0.27053494897824365,-1.0215112359495058,"125,624",100.95454654926966,40.33463654790831,59.14
E0600044,2013 [YR2013],0.2756556262157541,-0.7519597966789406,"127,354",102.34471807597623,40.49839777741776,61.66
E0600044,2014 [YR2014],0.3041992550822593,-2.712465123006903,"127,850",102.74373853791602,39.40575349429828,65.60
E0600044,2015 [YR2015],0.3085155977950808,-4.204367382378203,"128,267",103.07845999302468,40.43242894488625,71.86
E0600044,2016 [YR2016],-0.030159847748860602,-2.5984088171194957,"126,078",101.31946539292022,40.10378932355893,70.35
E0600044,2017 [YR2017],0.3700621226618219,-1.1962644505457414,"129,615",104.16174672158446,40.22754273680602,73.31
E0600044,2018 [YR2018],-0.06449637047302037,-2.366818110882214,"125,656",100.98046055115347,40.92886836960856,77.79
E0600044,2019 [YR2019],0.72407721014272,-0.9777225106456144,"134,780",108.31249969151412,40.71029370105625,82.37
E0600044,2020 [YR2020],0.18500612397536342,-3.596129400001783,"128,663",103.39658478240133,40.75927455964544,82.62
E0600044,2021 [YR2021],0.5393264818550909,-2.2098170676262727,"134,005",107.68980496060254,41.68506655425705,88.97
E0600045,2010 [YR2010],0.6344358168082544,-1.0433263819892575,"87,158",41.99871530656339,38.94055353522603,60.59
E0600045,2011 [YR2011],0.9124744579075827,-1.583718810040394,"87,954",42.3819428563851,39.09287528925391,60.82
E0600045,2012 [YR2012],0.7009499658208609,0.9572725069910542,"88,384",42.589558794204805,39.10708529394437,60.28
E0600045,2013 [YR2013],0.7102163844554853,0.33390358557464506,"89,029",42.899930961955434,39.830146616591264,62.97
E0600045,2014 [YR2014],1.1508669036205144,-1.9192647390689737,"91,240",43.965745622136126,39.499973092195006,67.08
E0600045,2015 [YR2015],1.3990438357554802,-3.2101664076779564,"93,428",45.01998072614825,39.06482732652837,72.70
E0600045,2016 [YR2016],1.300383984644329,-4.175153859550063,"94,184",45.38397752688181,38.872311494069656,74.55
E0600045,2017 [YR2017],0.7548609432045535,-4.785127993685274,"91,869",44.26883181347006,39.848332660399805,74.32
E0600045,2018 [YR2018],1.2454447529679582,-4.197940883234132,"96,230",46.37030430930964,40.0776592314578,78.13
E0600045,2019 [YR2019],0.5783255216328763,-3.23323031081867,"91,801",44.23597612150279,39.42608587189519,84.03
E0600045,2020 [YR2020],0.8600665920022224,-4.5322821081652105,"94,951",45.753941403123214,40.026341881992366,88.52
E0600045,2021 [YR2021],0.8600231808190034,-4.300825845249648,"95,768",46.14723728252535,40.17907768329962,89.92
E0600046,2010 [YR2010],1.0070738973142914,-0.9427399221871978,"215,942",584.0013950468639,39.62652699436092,
E0600046,2011 [YR2011],0.08735696723741987,-2.8483532890295384,"216,130",584.5115609542011,39.41125942809122,
E0600046,2012 [YR2012],0.9402488095862485,-1.7845162578247182,"220,022",595.0351570609033,39.497297124810835,
E0600046,2013 [YR2013],0.7157568057514299,-0.028390265691536687,"220,612",596.6314549270834,38.81699420282917,63.81
E0600046,2014 [YR2014],0.5037089046006611,-0.9140135375307374,"220,326",595.8572667218605,39.65426182593652,62.02
E0600046,2015 [YR2015],0.244016860612953,-4.027096218339938,"218,589",591.1615632676717,39.562787460407556,69.93
E0600046,2016 [YR2016],0.9428802728228523,-2.272162547908254,"228,450",617.8286451122167,39.73825246728554,72.97
E0600046,2017 [YR2017],0.24922533269023267,-4.701386627255119,"219,737",594.2662440826612,39.92494370398044,71.44
E0600046,2018 [YR2018],0.7725356026585024,-3.622067216112953,"229,654",621.0854777068729,39.743299498557946,80.98
E0600046,2019 [YR2019],-0.07652309908369559,-3.4781453315783573,"214,459",579.9916206254051,40.23034707655189,76.55
E0600046,2020 [YR2020],0.6349144600183017,-5.718258263176744,"230,051",622.1580178882659,40.201941255364396,82.77
E0600046,2021 [YR2021],0.5576324836586933,-3.4146870900887123,"229,563",620.8394744446106,40.46718959591033,86.29
E0600047,2010 [YR2010],1.2533438589051773,-2.7227615687266264,"105,964",135.5206049054259,39.342182988804396,58.24
E0600047,2011 [YR2011],0.8802865147194974,-2.8519516363610036,"106,897",136.71357451507464,39.05559241423923,60.90
E0600047,2012 [YR2012],0.3793743441349305,-2.2936343410654647,"106,770",136.55081619633705,39.02166627094228,61.50
E0600047,2013 [YR2013],0.8577171690585977,-5.566641072772367,"108,715",139.03775079560998,39.12653350485439,66.98
E0600047,2014 [YR2014],0.9161315715815236,-3.715801899036976,"109,901",140.55545608779113,38.93301766212028,68.82
E0600047,2015 [YR2015],0.12703172515182692,-5.172314099860594,"106,639",136.38356540101404,39.27476853335952,74.70
E0600047,2016 [YR2016],0.4486801380186632,-4.703593906875168,"108,849",139.2100980383618,39.30654098114186,73.58
E0600047,2017 [YR2017],0.6370363127526103,-1.9142473890442537,"110,781",141.68053950446426,40.204756885209385,78.78
E0600047,2018 [YR2018],0.24626086738868352,-3.9621088683804264,"108,070",138.213604320877,39.90772765535109,81.14
E0600047,2019 [YR2019],0.22345287089474164,-4.730865554245959,"108,115",138.2705146203221,40.14783644261359,80.62
E0600047,2020 [YR2020],0.16794844659897057,-6.209835047960911,"107,758",137.81393131855438,40.22424070234417,88.92
E0600047,2021 [YR2021],0.45047439187869753,-5.294499934872699,"111,335",142.38926383166134,40.05819484292422,92.81
E0600048,2010 [YR2010],-0.4679778915129476,-1.379489049680651,"116,011",163.47468000788436,40.482536613060695,
E0600048,2011 [YR2011],0.07980899156250866,-3.7899760115793817,"116,104",163.60514750145867,40.19602228416494,
E0600048,2012 [YR2012],0.4655495578947102,-2.2107882595744606,"117,094",165.00033439919147,39.82097411978113,
E0600048,2013 [YR2013],0.2911934241637809,-3.2203440253955113,"117,028",164.9069250818527,40.424407425155216,71.19
E0600048,2014 [YR2014],0.4610816399768879,-5.069360353907522,"118,166",166.51060358698638,40.263725729345104,73.05
E0600048,2015 [YR2015],-0.24383762972942818,-5.308628354945601,"114,604",161.4913120914998,40.74139126060671,75.47
E0600048,2016 [YR2016],0.16600902424839825,-3.268873381753875,"117,171",165.1097491087479,40.75143888296511,80.18
E0600048,2017 [YR2017],-0.15676151025616314,-4.731895703249123,"114,744",161.6892365952433,41.16585233934612,86.69
E0600048,2018 [YR2018],0.38525559249667096,-2.8122473797733223,"119,635",168.5815057854193,41.259986446976846,84.42
E0600048,2019 [YR2019],0.2645022343267942,-5.29887131207394,"118,802",167.40765567877799,40.48944184421741,89.97
E0600048,2020 [YR2020],-0.20154547493202774,-4.879370894557257,"113,694",160.20964373113003,40.8318167714178,92.41
E0600048,2021 [YR2021],-0.38927890037935414,-4.4745165001826965,"111,139",156.60925385241973,41.11331584694545,97.29
E0600050,2010 [YR2010],2.1450558699354634,-11.092169724212404,"394,413",2783.1363344181536,35.891840630203966,60.52
E0600050,2011 [YR2011],2.434042084303308,-10.775881245439926,"404,013",2850.879044061428,35.34480141421078,64.34
E0600050,2012 [YR2012],2.150255929745913,-10.820242302721539,"411,557",2904.112253618018,35.015217233317465,70.24
E0600050,2013 [YR2013],2.1358191565585853,-12.484426927685057,"420,228",2965.300497012643,35.05597843308933,72.73
E0600050,2014 [YR2014],2.550971967493152,-12.058465398563609,"436,225",3078.177113542952,35.99419771771004,75.04
E0600050,2015 [YR2015],2.372270124344783,-13.932287185836639,"443,469",3129.2924401092805,34.88512361862898,78.01
E0600050,2016 [YR2016],2.4161196476517635,-11.68838814254308,"455,157",3211.769609982206,36.21845241107724,80.56
E0600050,2017 [YR2017],2.1699632778639977,-14.669070934729358,"458,368",3234.4254245697584,36.831321817872805,83.99
E0600050,2018 [YR2018],2.3549597024494684,-12.10873888453584,"475,141",3352.7843009288285,36.538669615893426,85.65
E0600050,2019 [YR2019],2.4217300765258436,-11.520042070233295,"489,193",3451.9416732992745,36.06056214388875,92.04
E0600050,2020 [YR2020],2.7622317256752185,-14.181025879274433,"517,948",3654.851665035412,36.337115424697906,96.81
E0600050,2021 [YR2021],1.6709685945077308,-11.978090528715018,"473,280",3339.6507502910245,36.454815247529275,95.05
E0600051,2010 [YR2010],0.6008372718031355,0.0020866897184954603,"156,468",196.45528090044152,38.947544982104596,
E0600051,2011 [YR2011],0.7535234789655574,0.06235351781855858,"157,647",197.9356175676941,40.208818951471045,
E0600051,2012 [YR2012],0.24743339348228305,-2.3224397443512017,"157,243",197.42867560060546,40.112566556769146,
E0600051,2013 [YR2013],0.3010856984971796,-2.599984380932944,"157,885",198.23512528120435,40.39172841243618,68.97
E0600051,2014 [YR2014],0.05050618425736231,-1.7759707569572765,"156,784",196.8524699459925,39.837419124304105,68.48
E0600051,2015 [YR2015],0.33462261285794986,-2.5770487074982573,"159,103",199.7642711509644,40.74677563593064,73.10
E0600051,2016 [YR2016],0.38679940069966,-0.4320920663516288,"160,134",201.05892466016363,40.67429879110455,74.56
E0600051,2017 [YR2017],-0.341783480292411,-1.137052178325271,"152,762",191.80303856641436,40.514890825581475,78.59
E0600051,2018 [YR2018],-0.10578592737694903,-2.3381081268904613,"155,148",194.79884726891288,40.464445476944,81.26
E0600051,2019 [YR2019],0.5109411228620149,-2.4483011662234166,"163,812",205.6760688044848,40.20872074723084,80.46
E0600051,2020 [YR2020],0.5521027599972059,-2.3992173516037343,"165,324",207.57511065274372,40.61288433645645,87.84
E0600051,2021 [YR2021],0.45531678635610107,-5.329799226834707,"164,485",206.5218042402535,41.267091803720966,92.16
E0600052,2010 [YR2010],1.0504123244786743,-1.0491763101232738,"163,266",204.29073384357378,38.85831370994981,56.58
E0600052,2011 [YR2011],0.54001504906928,-1.3826136283874075,"164,148",205.39393455018316,39.14568295996915,60.24
E0600052,2012 [YR2012],0.6581078053481113,-2.842149120920008,"165,422",206.9884883255052,39.08853667136578,61.52
E0600052,2013 [YR2013],0.08093576660883506,-1.1947915280220605,"163,663",204.78716823448664,39.462915467393934,65.94
E0600052,2014 [YR2014],0.633614058829622,-2.004009803283676,"167,444",209.51781084604713,39.92431697269007,69.25
E0600052,2015 [YR2015],0.9629245045365458,-2.7170633370498387,"171,280",214.31781751804368,39.50354792139142,70.97
E0600052,2016 [YR2016],0.046664870940662406,-2.3830929560008665,"163,724",204.86339360103466,39.53301011369667,71.52
E0600052,2017 [YR2017],0.28883156113020503,-3.9924640998447605,"166,596",208.45708907305934,39.644371104410084,77.08
E0600052,2018 [YR2018],0.7921391981336465,-3.7538866336268457,"173,904",217.60154276320029,40.46234000761879,77.19
E0600052,2019 [YR2019],0.9552968278970501,-3.4888513590455834,"177,852",222.54131951463324,39.86865233755064,83.75
E0600052,2020 [YR2020],0.6154457774235138,-2.7212415222312085,"173,598",217.2177072064208,40.32512953436397,82.14
E0600052,2021 [YR2021],0.20791399681600337,-3.5357528139185916,"167,040",209.0118485920827,40.107316842957005,85.90
E0600054,2010 [YR2010],0.5746396241228191,-1.276817901803831,"111,045",113.69929326712219,39.39378795727236,51.80
E0600054,2011 [YR2011],1.0408518033377245,-3.105781895967594,"112,201",114.88273441147528,39.376603801386665,54.08
E0600054,2012 [YR2012],0.37240881706091966,-3.698826968435049,"111,874",114.54772252972431,39.55146325669272,63.16
E0600054,2013 [YR2013],0.5461536486115102,-3.7144074757995904,"112,875",115.5724047030532,40.005531596178926,62.84
E0600054,2014 [YR2014],0.0992636065568473,-1.8303958971084935,"111,487",114.15141397402637,39.83941208735556,64.50
E0600054,2015 [YR2015],0.596894196805666,-2.1319558831324095,"114,399",117.13336729179017,40.28516372899281,67.21
E0600054,2016 [YR2016],0.5328948813617534,-3.713509054496429,"114,644",117.38345701973792,39.595702636820846,71.16
E0600054,2017 [YR2017],0.13057021222805892,-3.0398255704475328,"112,064",114.74257466102164,40.13069787512539,72.84
E0600054,2018 [YR2018],0.23786228259143463,-4.273369757637608,"113,176",115.88097329323676,40.93203536097044,76.61
E0600054,2019 [YR2019],0.5554259436000463,-4.461123704536195,"116,721",119.51085543590906,40.186900730911674,81.34
E0600054,2020 [YR2020],0.2983302463830824,-5.539464230858659,"114,403",117.13718829718793,40.38531653722075,79.52
E0600054,2021 [YR2021],0.14622189791219628,-4.528482961186597,"112,845",115.54150842761202,40.5420145481437,85.03
E0600055,2010 [YR2010],0.8038897128754636,-3.091173386585664,"185,408",439.8315584259866,40.10912389505549,
E0600055,2011 [YR2011],0.9958830683394865,-1.2363827078111156,"187,254",444.2117664455647,39.10215385978023,
E0600055,2012 [YR2012],0.9861319774591559,-3.0051357776320993,"189,083",448.54896941115777,39.48110724405383,
E0600055,2013 [YR2013],0.4548515262249366,-3.6348558148918833,"187,950",445.86064049851973,39.84574020668882,68.24
E0600055,2014 [YR2014],0.4464489140211671,-3.231622626308372,"188,741",447.7388074654297,39.93511399120142,69.01
E0600055,2015 [YR2015],0.7161053514663263,-3.1005010202647965,"192,142",455.8070146667132,40.5606231772441,73.78
E0600055,2016 [YR2016],0.8428303309662756,-3.405845016044506,"194,984",462.5477212628423,40.35295213724146,76.10
E0600055,2017 [YR2017],0.6480134790165683,-1.990739009062367,"193,984",460.1748080246901,40.02034651819029,80.99
E0600055,2018 [YR2018],0.25098898745505954,-5.957685347853619,"189,164",448.7409599986683,40.01379433594613,81.49
E0600055,2019 [YR2019],0.650720445128407,-3.940007182515274,"196,553",466.27097093816263,40.29513587455656,85.68
E0600055,2020 [YR2020],0.11279820834849691,-1.945202060654454,"187,510",444.8180382595049,40.50275919843873,89.22
E0600055,2021 [YR2021],0.6539637719840808,-5.071104176272706,"199,190",472.5264147136679,40.06096564046724,88.10
E0600056,2010 [YR2010],0.576952899345058,-4.602459584908176,"117,557",108.56477584692438,39.11887895746825,59.74
E0600056,2011 [YR2011],1.2252126210573693,-4.891905601074995,"118,997",109.89492518262354,38.482388419399975,64.86
E0600056,2012 [YR2012],0.5543022327068159,-3.2046591973693195,"118,864",109.77166546304605,39.127872075764685,66.60
E0600056,2013 [YR2013],0.9611832742020656,-4.3742690392213674,"120,979",111.72548168392753,39.692216574103256,69.43
E0600056,2014 [YR2014],1.0069219653949624,-4.503844666262461,"122,364",113.00391436562236,39.201353208793776,71.18
E0600056,2015 [YR2015],0.9712264241912993,-6.215932800002225,"123,377",113.94023130769502,39.821936288068905,73.11
E0600056,2016 [YR2016],0.8302188640374051,-4.583798163758887,"123,535",114.08622218651519,39.386423026404614,81.12
E0600056,2017 [YR2017],0.9824528690305454,-6.359330283358582,"125,884",116.25465419839921,39.36022967725119,78.21
E0600056,2018 [YR2018],0.5440180294502688,-5.840946600956853,"122,771",113.38062201230466,40.02614688434345,86.02
E0600056,2019 [YR2019],0.8252952123562068,-5.803844468768989,"126,582",116.89998636822887,39.46680853159186,85.09
E0600056,2020 [YR2020],0.6139437740561087,-4.737780370592553,"124,977",115.41723453948221,40.154613540253486,91.74
E0600056,2021 [YR2021],1.2935762844981227,-5.021115201746084,"135,409",125.05178385948747,39.397537800429355,95.30
E0600058,2010 [YR2010],-0.6782120116961043,2.298837076587723,"94,822",127.05086927396343,41.18680774937299,55.41
E0600058,2011 [YR2011],-0.1490428280369576,-0.12184419613125497,"94,681",126.86150906535197,41.06664444708239,57.77
E0600058,2012 [YR2012],-1.0410173765204287,0.6193777451500899,"92,858",124.41939474259297,41.21643513829703,63.35
E0600058,2013 [YR2013],-0.5267132066194388,0.19055823313748804,"93,332",125.05384378087138,41.32251005216215,63.85
E0600058,2014 [YR2014],-0.6255956748179491,-0.05823568357869964,"92,472",123.90128040366169,41.33391793839581,66.89
E0600058,2015 [YR2015],-0.28479338552633404,-1.7077255268382627,"93,480",125.25198235822232,42.01452587513295,72.05
E0600058,2016 [YR2016],-0.11176341779743076,0.8442271262963633,"94,188",126.20126786685627,41.838486998577494,72.01
E0600058,2017 [YR2017],-0.28386052749813606,-0.3341891476216118,"92,954",124.54773541885922,42.06699450059708,75.88
E0600058,2018 [YR2018],-0.5262834731306683,1.0293996801985563,"90,903",121.79918864775077,41.65431748180198,84.26
E0600058,2019 [YR2019],0.1550310497382018,-1.998197224001217,"96,154",128.8346168323417,42.617001499587445,82.46
E0600058,2020 [YR2020],-0.445541466848206,-4.090833457250132,"90,681",121.50238055604234,42.486482896862896,86.50
E0600058,2021 [YR2021],-0.16105899876513358,0.22185843718729514,"93,156",124.81801288365251,41.98014056224655,90.81
E0600059,2010 [YR2010],0.5541475861519514,-3.1420755806532155,"169,148",309.57629781148836,39.56845545227501,50.53
E0600059,2011 [YR2011],0.70728155937544,-3.1935102877464927,"170,344",311.7658738781062,39.631855620843965,59.58
E0600059,2012 [YR2012],0.49067026795809365,-1.8247721682092628,"170,812",312.6217487872288,39.847123285277334,59.16
E0600059,2013 [YR2013],0.9376350581143258,-1.9556007979406775,"173,950",318.3662907875989,39.40388550525338,NA
E0600059,2014 [YR2014],0.1004958671443128,-3.7883363895553,"169,829",310.8226205329621,40.099915378256064,70.72
E0600059,2015 [YR2015],0.4327069994691753,-3.8293866505230874,"172,839",316.33230433956896,40.51136628103364,68.38
E0600059,2016 [YR2016],0.9052625301471671,-3.44508244447158,"178,545",326.7763385109073,39.84556516092867,73.52
E0600059,2017 [YR2017],0.15335631946767436,-3.9508182499143203,"170,972",312.9149100608765,40.21281157607313,77.31
E0600059,2018 [YR2018],0.8199045222756394,-4.429344669059663,"180,566",330.47450200646966,39.819169943743304,82.07
E0600059,2019 [YR2019],0.4408806837935014,-1.0279514859036056,"175,979",322.07892687022155,39.81596175540038,84.37
E0600059,2020 [YR2020],0.40506676118714324,-4.411960488542461,"176,125",322.34726874725504,40.87299944308095,83.59
E0600059,2021 [YR2021],0.2794894018946979,-3.21729866374145,"174,421",319.22798452211174,40.657360875575954,89.98
E0600060,2010 [YR2010],0.38253922234886173,-3.5530784543466902,"161,494",260.6484071085241,40.08182831836436,48.00
E0600060,2011 [YR2011],-0.4613442400212217,-1.8411049737416962,"160,749",259.44592069562185,40.187519777073305,56.90
E0600060,2012 [YR2012],-0.1780842569070739,-0.5603942143652506,"160,920",259.72088617107045,40.39323037258318,56.14
E0600060,2013 [YR2013],-0.3114398113992536,-2.7545951117552163,"159,990",258.2206949709123,40.448847231304406,62.16
E0600060,2014 [YR2014],0.7379766273634363,-0.9239920386901617,"166,315",268.4280951652792,40.50988516395661,65.46
E0600060,2015 [YR2015],-0.02132126823115091,-1.8503894812786341,"161,322",260.37065784301217,40.59146553218407,68.61
E0600060,2016 [YR2016],0.20513679613737235,0.026319691924631794,"163,492",263.8730194868382,40.537473468771616,72.59
E0600060,2017 [YR2017],0.4227019825976595,-0.7234244274012924,"166,334",268.45926185015145,39.99773556683428,79.63
E0600060,2018 [YR2018],-0.328440600747694,-1.63859389775146,"157,299",253.87801808469473,41.37378014799892,75.30
E0600060,2019 [YR2019],0.4584539462218479,-2.2318811137922565,"168,281",271.602326676025,40.87223768434479,80.82
E0600060,2020 [YR2020],0.37869852173914736,-1.0586223763528042,"167,715",270.68904492701904,40.58431457630048,81.07
E0600060,2021 [YR2021],0.013747839046406599,-2.502683043796712,"161,739",261.04284692708484,41.740401362011504,86.12
E0600061,2010 [YR2010],0.8977587551897531,-1.808116927592038,"78,040",65.60652506547638,39.492327357938365,56.78
E0600061,2011 [YR2011],0.8015345631688056,-3.5998961418231676,"78,665",66.13238403957017,39.30781012902507,56.96
E0600061,2012 [YR2012],0.9939582359994942,-0.8610360960730059,"79,599",66.91720960012034,38.88372943427686,61.55
E0600061,2013 [YR2013],0.6997803950201291,-2.0524134827286478,"79,690",66.99349045710413,38.392048351984194,64.19
E0600061,2014 [YR2014],1.2940682302876656,-4.087015522554456,"82,158",69.0689876981531,39.49104798707678,65.55
E0600061,2015 [YR2015],0.7760390883278617,-3.5413011934903,"81,115",68.19200492515981,39.33174028284139,71.28
E0600061,2016 [YR2016],1.6498780894658625,-3.0753890535042205,"86,091",72.37493856707096,38.94243653838112,75.40
E0600061,2017 [YR2017],0.9015547173796533,-2.330107646969327,"83,100",69.86055660037366,39.48092412679278,75.83
E0600061,2018 [YR2018],0.9154493783457417,-3.534237380260784,"83,942",70.56808028147846,39.42404954455617,79.00
E0600061,2019 [YR2019],0.7343764020814,-2.984603438119965,"83,352",70.07229728370648,39.785979657854696,80.88
E0600061,2020 [YR2020],1.464766563274838,-5.994750687393798,"90,254",75.87516365055107,40.05086177783591,83.85
E0600061,2021 [YR2021],0.41822780560399875,-5.471730539527491,"81,706",68.68867108633317,39.26264479658182,89.37
E0600063,2010 [YR2010],0.4043111727743216,-2.932862015356985,"177,093",440.4809815580205,39.991367753284315,
E0600063,2011 [YR2011],0.2392618495577858,-3.9482547817698954,"177,517",441.5348845014465,39.326412503068156,
E0600063,2012 [YR2012],0.19021570948900052,-1.4637171003041036,"177,768",442.1583033554882,40.27503221642016,
E0600063,2013 [YR2013],0.3015660002250828,-1.5092588987521827,"178,700",444.4780337450992,39.775244785691605,65.61
E0600063,2014 [YR2014],0.48025089659304726,-2.343078016519709,"180,520",449.00378817002496,39.91976955164696,70.61
E0600063,2015 [YR2015],0.6759275155174669,-5.363074868447994,"183,160",455.5702532865577,40.327604317795604,71.70
E0600063,2016 [YR2016],0.15748155806247893,-1.9432771599078091,"178,773",444.6594600659784,40.18321041923955,77.83
E0600063,2017 [YR2017],0.9645218639521441,-1.1411542610411365,"189,402",471.09523595914135,40.93979385361057,79.30
E0600063,2018 [YR2018],0.3177702591999418,-3.783290169145901,"181,646",451.80405748293225,40.594255677485165,81.47
E0600063,2019 [YR2019],0.2865529302435071,-2.9955360890950846,"181,713",451.9719648642778,40.75920870251958,87.13
E0600063,2020 [YR2020],-0.016228644236396528,-3.5761450662153793,"176,806",439.7666624583539,40.83098192999954,88.93
E0600063,2021 [YR2021],0.09060945454852692,-5.3706651494716215,"178,866",444.8912173818141,40.244691488660656,90.28
E0600064,2010 [YR2010],-0.1887526853941746,1.438092220029795,"106,197",173.15992166105465,40.629068482906305,44.03
E0600064,2011 [YR2011],0.4127277307973325,0.446686406675024,"106,636",173.87460067637676,40.53377705592529,50.33
E0600064,2012 [YR2012],0.16733267880078906,3.0731298423277433,"106,553",173.73991278378776,41.383538711667285,57.77
E0600064,2013 [YR2013],0.05498935903048115,1.1887228881100476,"106,373",173.44573736473401,41.05055203842143,60.70
E0600064,2014 [YR2014],-0.33863222466197956,1.9286281510445344,"104,766",170.82630754200588,41.23178188150051,65.35
E0600064,2015 [YR2015],-0.33791751093634875,2.6498489263744283,"104,415",170.25393929936132,40.95149395683197,66.39
E0600064,2016 [YR2016],0.2173557185193985,0.06576784489329501,"107,590",175.43046625623626,41.320713767379985,71.10
E0600064,2017 [YR2017],0.17568001735774563,1.1052460187390087,"107,510",175.3006293061474,41.63038736477636,72.63
E0600064,2018 [YR2018],-0.05379451750547352,2.0112916525588904,"105,741",172.4161188743542,41.41369951185146,78.20
E0600064,2019 [YR2019],-0.09538978193522438,0.857667917646294,"105,289",171.67898943590905,42.0663385193837,79.56
E0600064,2020 [YR2020],-0.4886906789692018,-2.3665500149318826,"101,120",164.88144533408257,41.81352070416897,81.41
E0600064,2021 [YR2021],0.3801737643645279,1.4959964596479418,"110,724",180.54054751122567,41.60169777402734,85.94
E0600065,2010 [YR2010],-0.037571527885788936,-3.0464365523048187,"98,640",141.69267976588986,39.745631272808176,55.79
E0600065,2011 [YR2011],0.7627509531412004,-2.524268589843614,"99,393",142.7734420313355,40.413168295368884,56.87
E0600065,2012 [YR2012],-0.4510355085058279,-0.9112245008929492,"97,753",140.41739366561106,40.104836243976024,57.59
E0600065,2013 [YR2013],-0.10638927928614775,-0.6629020695052428,"98,326",141.24092326502998,39.92515645831595,63.47
E0600065,2014 [YR2014],0.07523804496606964,-1.8420418530340283,"98,938",142.1195884690315,40.18989027585455,64.85
E0600065,2015 [YR2015],-0.2144576038898584,-2.4836753601140664,"97,587",140.17982891443836,41.0333702914851,69.71
E0600065,2016 [YR2016],0.08151007375818861,-3.309874803661808,"99,124",142.3870562345266,40.453390793393815,72.16
E0600065,2017 [YR2017],-0.11988961655224514,-2.6294582421700503,"97,816",140.50782446444046,40.944629008857795,74.72
E0600065,2018 [YR2018],0.23777295009738525,-2.3461157914797828,"100,532",144.41047172169712,40.25429172024096,78.94
E0600065,2019 [YR2019],-0.434658638915343,-4.033725046135348,"94,848",136.24516449261907,41.02980577832811,80.57
E0600065,2020 [YR2020],0.4872439399649864,-3.528379810568471,"103,553",148.74992796018284,41.14048576134104,85.13
E0600065,2021 [YR2021],0.7962882774926634,-3.811151661401415,"107,633",154.60991925686153,40.602034867052794,86.17
E0600066,2010 [YR2010],0.5020736532832594,-1.4290183795839055,"131,337",184.93970095373388,39.932770265697414,55.46
E0600066,2011 [YR2011],0.62238397971457,-0.5495691024997852,"132,154",186.09073602460194,39.699866119014274,56.31
E0600066,2012 [YR2012],-0.3256901093180457,-1.8762555290168177,"130,483",183.73700205557532,40.07110837103353,61.99
E0600066,2013 [YR2013],0.21421008644246614,-1.1113536823780232,"132,183",186.1307270921671,39.78859779228051,62.39
E0600066,2014 [YR2014],-0.30900415751532834,-1.0444615112808333,"129,721",182.66438890642922,40.64913119516944,68.12
E0600066,2015 [YR2015],0.56466347906815,0.9547798174400067,"135,087",190.22043667850053,41.0936094047063,68.30
E0600066,2016 [YR2016],0.2258507086581102,-2.7097070318782994,"133,127",187.46001964533883,39.9072357504185,72.78
E0600066,2017 [YR2017],0.110696969086157,-3.0492688248221578,"132,358",186.37752730582045,40.56750679417716,77.21
E0600066,2018 [YR2018],1.489775009839685,-1.1035519244233631,"147,831",208.16536335162476,40.78000384095632,79.64
E0600066,2019 [YR2019],1.262885925010471,-3.929050577022531,"147,041",207.05363248144295,40.390910606863905,85.09
E0600066,2020 [YR2020],-0.011916153868515189,-2.1533012542651506,"131,181",184.71944209497187,40.01281969844436,90.13
E0600066,2021 [YR2021],-0.29893190168555633,-2.2036510632136115,"127,082",178.94850370483007,40.38459636887905,90.92
E0600067,2010 [YR2010],1.133454555944809,-1.9467888546375542,"165,146",324.6324527039003,39.482805349401204,58.38
E0600067,2011 [YR2011],0.6565191674213536,-0.9160602772937114,"166,230",326.76372697957146,40.01532376097248,60.30
E0600067,2012 [YR2012],0.11240986881652659,-1.5447155914382962,"165,517",325.36270073721374,39.11089756297356,61.61
E0600067,2013 [YR2013],0.5527275891825663,-3.972802217050434,"167,899",330.04526023352463,40.03849257153706,63.23
E0600067,2014 [YR2014],-0.08086120495650961,-3.3827030638947835,"164,612",323.58371873803225,40.22636032593683,68.41
E0600067,2015 [YR2015],0.7661191134539833,-3.743363029138942,"171,570",337.259813688818,39.93567273861438,71.38
E0600067,2016 [YR2016],1.1827647838606323,-4.262631458861406,"177,218",348.36232955692384,40.17743128846621,74.75
E0600067,2017 [YR2017],-0.013722917962042502,-3.8197599453933853,"164,987",324.32073774040964,39.705340924296166,79.99
E0600067,2018 [YR2018],0.9101998490175713,-3.629282381394938,"177,561",349.03780050516974,40.57726175345722,83.03
E0600067,2019 [YR2019],-0.33491625303140715,-5.024989337422872,"160,234",314.9773009787336,40.16193397777234,83.07
E0600067,2020 [YR2020],0.07119332831056746,-4.298793115942909,"166,325",326.9510375404637,41.0209543237124,94.52
E0600067,2021 [YR2021],0.4569927521149776,-6.16783348852687,"173,640",341.3295100289698,40.702354659797585,91.49
E0600068,2010 [YR2010],-0.6811246049794475,-1.5648954209013972,"144,533",235.29814620595747,40.21546909156624,53.92
E0600068,2011 [YR2011],-0.11810659802260862,-0.4626221368870087,"144,362",235.02024357026335,39.96539779369094,61.98
E0600068,2012 [YR2012],0.13691599009883668,-1.2246301025531328,"144,929",235.9429088687123,41.27079265464475,58.96
E0600068,2013 [YR2013],-0.07790417149960899,0.20151326782033419,"144,196",234.74865329220594,40.990186137381016,66.38
E0600068,2014 [YR2014],0.0644606142200366,-1.126278135938359,"144,906",235.90543160165234,40.34155700160706,69.95
E0600068,2015 [YR2015],-0.3422702162443532,-2.552723796449033,"142,077",231.2988395708263,40.80821026271062,73.14
E0600068,2016 [YR2016],-0.1772634611600095,-4.320870301506936,"143,003",232.8066246260016,41.341576213832006,75.74
E0600068,2017 [YR2017],0.14424762008559727,-3.6253746234717505,"145,999",237.68433625930203,40.62290519171283,78.46
E0600068,2018 [YR2018],0.4172983463800756,-2.26290996704741,"149,429",243.2689990364743,41.02377290338051,NA
E0600068,2019 [YR2019],-0.8266029686499423,-1.4619723193263792,"134,129",218.3610690085695,40.75780816223373,82.21
E0600068,2020 [YR2020],0.035540525860230904,-3.086269125531036,"145,048",236.13574691290577,41.56050568411543,86.76
E0600068,2021 [YR2021],0.07013097300825974,-3.7131202469659104,"145,652",237.11971032667043,41.485375548916174,91.88
E0600069,2010 [YR2010],1.3185728299074984,-4.323118664684561,"167,632",488.1589026026836,38.89908528882601,58.02
E0600069,2011 [YR2011],0.20189264258201378,-2.275734012556576,"167,970",489.14445951114755,38.675632068656824,61.63
E0600069,2012 [YR2012],0.6368516562523953,-1.8410508052405004,"169,773",494.39639746575847,38.20055864014774,61.73
E0600069,2013 [YR2013],0.6506364020184001,-1.401609028194758,"170,925",497.74945097724435,38.99870926441921,64.81
E0600069,2014 [YR2014],0.8681914343681589,-3.7693518347596484,"173,529",505.3335700327996,39.166142833492266,66.75
E0600069,2015 [YR2015],0.548218297086994,-3.5588802384121463,"172,277",501.68730411943983,39.162726622635105,71.92
E0600069,2016 [YR2016],1.0212543862694867,-6.330996329173159,"178,169",518.8451425376408,39.349395989144014,75.91
E0600069,2017 [YR2017],0.39483517545780555,-3.198611555866931,"172,320",501.8117328741228,39.7742890819186,75.93
E0600069,2018 [YR2018],0.7927541240797734,-3.2243818982453245,"178,562",519.9908628318001,38.83300953989526,80.15
E0600069,2019 [YR2019],1.12990667399638,-5.685255595657488,"185,469",540.1043462998384,39.92376134103175,83.74
E0600069,2020 [YR2020],1.086750173907446,-6.156837820224325,"186,766",543.8805910716769,39.70072827713194,NA
E0600069,2021 [YR2021],0.8105468295396363,-4.7687569399546526,"183,198",533.4907448308707,39.84193849301883,87.68
E0600070,2010 [YR2010],1.0372338712509581,-1.6729394078080473,"231,868",502.6501006222609,39.575344977730495,58.63
E0600070,2011 [YR2011],0.1764306083480597,-2.3558256210128823,"232,277",503.5369292526509,40.004186143564546,59.60
E0600070,2012 [YR2012],0.24344435959196362,-0.9133599385328544,"232,998",505.10042622283095,39.68959944673392,63.93
E0600070,2013 [YR2013],0.13391930971469168,-0.7906076355367753,"232,801",504.6722428802082,39.36110069475616,67.55
E0600070,2014 [YR2014],-0.11700718838392138,-6.2546780568324,"230,784",500.3016793754686,40.67033571088672,70.93
E0600070,2015 [YR2015],-0.45144408334895963,-1.7889986974458678,"226,681",491.40615948081216,40.82556301549443,73.53
E0600070,2016 [YR2016],-0.019820310159824217,-2.9906645457432735,"231,592",502.0526358853629,39.840407079683345,79.33
E0600070,2017 [YR2017],0.5510511078340703,-3.6220914690813,"240,961",522.3626034485637,40.288342443816596,78.69
E0600070,2018 [YR2018],0.19829396598411347,-4.322812199618411,"235,572",510.67945966199954,40.624599768188084,84.97
E0600070,2019 [YR2019],0.6008189712972448,-4.825764951373064,"244,711",530.4927097018588,40.95270296724359,86.52
E0600070,2020 [YR2020],-0.18632111591666878,-1.8125366295836676,"227,584",493.3628029785113,41.19629538002839,90.93
E0600070,2021 [YR2021],0.5343657029232938,-2.9450002284046333,"245,867",532.9981946008542,39.87780235206189,90.73
E0600071,2010 [YR2010],0.04128596083843228,-0.036926573950400415,"131,710",171.57090894639666,40.01960765834196,54.20
E0600071,2011 [YR2011],0.3193704048106165,-0.44271056783238566,"132,130",172.11885565283603,40.430528850142615,59.02
E0600071,2012 [YR2012],0.3081972703058952,-0.5628575559886253,"132,523",172.63009233826264,40.824927393793445,58.16
E0600071,2013 [YR2013],0.4132233144659626,-0.027431402375597158,"133,349",173.70662294250047,40.78558604187714,63.17
E0600071,2014 [YR2014],0.12492160476964717,-1.1944328952662002,"132,369",172.42983327613956,40.8296676336619,62.91
E0600071,2015 [YR2015],-0.42228187971313214,0.6045797417776213,"128,952",167.97881059089434,40.62980082217572,67.28
E0600071,2016 [YR2016],0.2449032368100474,-2.3019112420920633,"133,657",174.10749131460736,40.93202422808316,71.68
E0600071,2017 [YR2017],0.1570127501660159,-1.2909749429814923,"133,164",173.4655320959146,41.21667460720991,72.47
E0600071,2018 [YR2018],-0.24806074807653244,-2.8553123186015705,"129,118",168.19552300930872,41.27817865752591,80.08
E0600071,2019 [YR2019],0.5573392751151625,-1.4141287062458276,"138,465",180.37137397522005,41.086624840232524,80.29
E0600071,2020 [YR2020],0.40691225665133174,-0.3856588882170213,"137,168",178.68157394344902,41.79510459893452,82.97
E0600071,2021 [YR2021],0.3385146894971288,-2.0691554236129512,"136,698",178.06886836806402,41.030993641404095,87.74
